,name,selling_price,km_driven,fuel,transmission
0,-,-,-,-,-
1,-,-,-,-,-
2,2013 Maruti Swift Dzire,"3,75,199","88,228 km",Diesel,Manual
3,2011 BMW 3 Series,"6,43,699","90,696 km",Diesel,Automatic
4,2014 Maruti Ertiga,"4,36,499","78,074 km",Diesel,Manual
5,2013 Maruti Ertiga,"5,41,699","27,420 km",Diesel,Manual
6,2015 Maruti Swift,"3,98,199","41,046 km",Petrol,Manual
7,2009 Maruti Ritz,"1,69,099","1,19,824 km",Petrol,Manual
8,2011 Maruti Alto K10,"1,76,499","64,499 km",Petrol,Manual
9,2017 Maruti Swift,"4,78,599","46,758 km",Petrol,Manual
10,2016 Maruti Swift,"4,69,299","57,783 km",Diesel,Manual
11,2020 Maruti New Wagon-R,"4,92,799","7,242 km",Petrol,Manual
12,2015 Maruti Wagon R 1.0,"3,77,799","62,630 km",Petrol,Manual
13,2017 Maruti Vitara Brezza,"6,89,699","34,749 km",Diesel,Manual
14,2016 Maruti Vitara Brezza,"6,80,499","54,460 km",Diesel,Manual
15,2020 Maruti New Wagon-R,"4,88,899","3,865 km",Petrol,Manual
16,2019 Maruti New Wagon-R,"4,84,799","13,139 km",Petrol,Manual
17,2016 Maruti Alto K10,"3,15,799","30,268 km",Petrol,Manual
18,2019 Hyundai Creta,"12,03,899","17,135 km",Petrol,Automatic
19,2019 Hyundai Creta,"13,57,099","9,627 km",Petrol,Automatic
20,2015 Honda Amaze,"4,91,599","62,462 km",Petrol,Manual
21,2020 KIA SELTOS,"11,59,099","5,822 km",Petrol,Manual
22,2013 Maruti Swift Dzire,"3,75,199","88,228 km",Diesel,Manual
23,2011 BMW 3 Series,"6,43,699","90,696 km",Diesel,Automatic
24,2014 Maruti Ertiga,"5,95,699","86,390 km",Diesel,Manual
25,2013 Maruti Ertiga,"5,41,699","27,420 km",Diesel,Manual
26,2018 Maruti Swift,"5,04,999","80,785 km",Petrol,Manual
27,2009 Maruti Ritz,"1,69,099","1,19,824 km",Petrol,Manual
28,2011 Maruti Alto K10,"1,76,499","64,499 km",Petrol,Manual
29,2017 Maruti Swift,"4,78,599","46,758 km",Petrol,Manual
30,-,-,-,-,-
31,2020 Maruti New Wagon-R,"4,92,799","7,242 km",Petrol,Manual
32,2015 Maruti Wagon R 1.0,"3,77,799","62,630 km",Petrol,Manual
33,2017 Maruti Vitara Brezza,"6,89,699","34,749 km",Diesel,Manual
34,2017 Maruti Wagon R 1.0,"4,02,699","4,956 km",Petrol,Manual
35,2020 Maruti New Wagon-R,"4,92,799","7,242 km",Petrol,Manual
36,2019 Maruti New Wagon-R,"4,84,799","13,139 km",Petrol,Manual
37,2016 Maruti Alto K10,"3,15,799","30,268 km",Petrol,Manual
38,2019 Hyundai Creta,"12,03,899","17,135 km",Petrol,Automatic
39,2019 Hyundai Creta,"13,57,099","9,627 km",Petrol,Automatic
40,2015 Honda Amaze,"4,91,599","62,462 km",Petrol,Manual
41,2020 KIA SELTOS,"11,59,099","5,822 km",Petrol,Manual
42,2014 Maruti Swift Dzire,"4,12,199","87,119 km",Diesel,Manual
43,2011 BMW 3 Series,"6,43,699","90,696 km",Diesel,Automatic
44,2014 Maruti Ertiga,"4,36,499","78,074 km",Diesel,Manual
45,2013 Maruti Ertiga,"5,41,699","27,420 km",Diesel,Manual
46,2015 Maruti Swift,"3,98,199","41,046 km",Petrol,Manual
47,2009 Maruti Ritz,"1,69,099","1,19,824 km",Petrol,Manual
48,2011 Maruti Alto K10,"1,76,499","64,499 km",Petrol,Manual
49,2017 Maruti Swift,"4,78,599","46,758 km",Petrol,Manual
50,2016 Maruti Swift,"4,69,299","57,783 km",Diesel,Manual
51,2020 Maruti New Wagon-R,"4,92,799","7,242 km",Petrol,Manual
52,2017 Maruti Wagon R 1.0,"4,38,799","24,080 km",Petrol,Manual
53,2016 Maruti Vitara Brezza,"6,85,499","98,517 km",Diesel,Manual
54,2016 Maruti Vitara Brezza,"6,80,499","54,460 km",Diesel,Manual
55,2020 Maruti New Wagon-R,"4,88,899","3,865 km",Petrol,Manual
56,2019 Maruti New Wagon-R,"4,84,799","13,139 km",Petrol,Manual
57,2016 Maruti Alto K10,"3,15,799","30,268 km",Petrol,Manual
58,2019 Hyundai Creta,"12,03,899","17,135 km",Petrol,Automatic
59,2019 Hyundai Creta,"13,57,099","9,627 km",Petrol,Automatic
60,2015 Honda Amaze,"4,91,599","62,462 km",Petrol,Manual
61,-,-,-,-,-
62,2013 Maruti Swift Dzire,"3,75,199","88,228 km",Diesel,Manual
63,2011 BMW 3 Series,"6,43,699","90,696 km",Diesel,Automatic
64,2014 Maruti Ertiga,"5,95,699","86,390 km",Diesel,Manual
65,2013 Maruti Ertiga,"5,41,699","27,420 km",Diesel,Manual
66,2014 Maruti Swift,"4,15,299","31,436 km",Petrol,Manual
67,2009 Maruti Ritz,"1,69,099","1,19,824 km",Petrol,Manual
68,2011 Maruti Alto K10,"1,76,499","64,499 km",Petrol,Manual
69,2017 Maruti Swift,"4,78,599","46,758 km",Petrol,Manual
70,2016 Maruti Swift,"4,69,299","57,783 km",Diesel,Manual
71,2020 Maruti New Wagon-R,"4,92,799","7,242 km",Petrol,Manual
72,2017 Maruti Wagon R 1.0,"4,38,799","24,080 km",Petrol,Manual
73,2016 Maruti Vitara Brezza,"6,85,499","98,517 km",Diesel,Manual
74,2016 Maruti Vitara Brezza,"6,80,499","54,460 km",Diesel,Manual
75,2020 Maruti New Wagon-R,"4,88,899","3,865 km",Petrol,Manual
76,2019 Maruti New Wagon-R,"4,84,799","13,139 km",Petrol,Manual
77,2016 Maruti Alto K10,"3,15,799","30,268 km",Petrol,Manual
78,2019 Hyundai Creta,"12,03,899","17,135 km",Petrol,Automatic
79,2019 Hyundai Creta,"13,57,099","9,627 km",Petrol,Automatic
80,2015 Honda Amaze,"4,91,599","62,462 km",Petrol,Manual
81,2020 KIA SELTOS,"11,59,099","5,822 km",Petrol,Manual
82,2013 Maruti Swift Dzire,"3,75,199","88,228 km",Diesel,Manual
83,2011 BMW 3 Series,"6,43,699","90,696 km",Diesel,Automatic
84,2014 Maruti Ertiga,"4,36,499","78,074 km",Diesel,Manual
85,2013 Maruti Ertiga,"5,41,699","27,420 km",Diesel,Manual
86,2015 Maruti Swift,"3,98,199","41,046 km",Petrol,Manual
87,2009 Maruti Ritz,"1,69,099","1,19,824 km",Petrol,Manual
88,2011 Maruti Alto K10,"1,76,499","64,499 km",Petrol,Manual
89,2017 Maruti Swift,"4,78,599","46,758 km",Petrol,Manual
90,2016 Maruti Swift,"4,69,299","57,783 km",Diesel,Manual
91,2020 Maruti New Wagon-R,"4,92,799","7,242 km",Petrol,Manual
92,2017 Maruti Wagon R 1.0,"4,38,799","24,080 km",Petrol,Manual
93,2016 Maruti Vitara Brezza,"6,85,499","98,517 km",Diesel,Manual
94,2016 Maruti Vitara Brezza,"6,80,499","54,460 km",Diesel,Manual
95,2020 Maruti New Wagon-R,"4,88,899","3,865 km",Petrol,Manual
96,2019 Maruti New Wagon-R,"4,84,799","13,139 km",Petrol,Manual
97,2016 Maruti Alto K10,"3,15,799","30,268 km",Petrol,Manual
98,2019 Hyundai Creta,"12,03,899","17,135 km",Petrol,Automatic
99,2015 Maruti Alto K10,"2,86,299","61,716 km",Petrol,Manual
100,2015 Honda Amaze,"4,91,599","62,462 km",Petrol,Manual
101,2020 KIA SELTOS,"11,59,099","5,822 km",Petrol,Manual
102,2014 Maruti Swift Dzire,"4,12,199","87,119 km",Diesel,Manual
103,2011 BMW 3 Series,"6,43,699","90,696 km",Diesel,Automatic
104,2014 Maruti Ertiga,"5,95,699","86,390 km",Diesel,Manual
105,-,-,-,-,-
106,2018 Maruti Swift,"5,04,999","80,785 km",Petrol,Manual
107,2009 Maruti Ritz,"1,69,099","1,19,824 km",Petrol,Manual
108,2011 Maruti Alto K10,"1,76,499","64,499 km",Petrol,Manual
109,2017 Maruti Swift,"4,78,599","46,758 km",Petrol,Manual
110,-,-,-,-,-
111,2020 Maruti New Wagon-R,"4,92,799","7,242 km",Petrol,Manual
112,2017 Maruti Wagon R 1.0,"4,38,799","24,080 km",Petrol,Manual
113,2017 Maruti Vitara Brezza,"6,89,699","34,749 km",Diesel,Manual
114,2016 Maruti Vitara Brezza,"6,80,499","54,460 km",Diesel,Manual
115,2020 Maruti New Wagon-R,"4,92,799","7,242 km",Petrol,Manual
116,2019 Maruti New Wagon-R,"4,84,799","13,139 km",Petrol,Manual
117,2016 Maruti Alto K10,"3,15,799","30,268 km",Petrol,Manual
118,2019 Hyundai Creta,"12,03,899","17,135 km",Petrol,Automatic
119,2019 Hyundai Creta,"13,57,099","9,627 km",Petrol,Automatic
120,2015 Honda Amaze,"4,91,599","62,462 km",Petrol,Manual
121,2020 KIA SELTOS,"11,59,099","5,822 km",Petrol,Manual
122,2014 Maruti Swift Dzire,"4,12,199","87,119 km",Diesel,Manual
123,2011 BMW 3 Series,"6,43,699","90,696 km",Diesel,Automatic
124,2012 Maruti Ertiga,"4,75,099","1,41,061 km",Diesel,Manual
125,2013 Maruti Ertiga,"5,41,699","27,420 km",Diesel,Manual
126,2014 Maruti Swift,"4,15,299","31,436 km",Petrol,Manual
127,2009 Maruti Ritz,"1,69,099","1,19,824 km",Petrol,Manual
128,-,-,-,-,-
129,2017 Maruti Swift,"4,78,599","46,758 km",Petrol,Manual
130,-,-,-,-,-
131,2020 Maruti New Wagon-R,"4,92,799","7,242 km",Petrol,Manual
132,2015 Maruti Wagon R 1.0,"3,77,799","62,630 km",Petrol,Manual
133,2016 Maruti Vitara Brezza,"6,85,499","98,517 km",Diesel,Manual
134,2016 Maruti Vitara Brezza,"6,80,499","54,460 km",Diesel,Manual
135,2020 Maruti New Wagon-R,"4,88,899","3,865 km",Petrol,Manual
136,2019 Maruti New Wagon-R,"4,84,799","13,139 km",Petrol,Manual
137,2016 Maruti Alto K10,"3,15,799","30,268 km",Petrol,Manual
138,2019 Hyundai Creta,"12,03,899","17,135 km",Petrol,Automatic
139,2019 Hyundai Creta,"13,57,099","9,627 km",Petrol,Automatic
140,2020 KIA SELTOS,"11,59,099","5,822 km",Petrol,Manual
141,2020 KIA SELTOS,"11,59,099","5,822 km",Petrol,Manual
142,2014 Maruti Swift Dzire,"4,12,199","87,119 km",Diesel,Manual
143,2011 BMW 3 Series,"6,43,699","90,696 km",Diesel,Automatic
144,2014 Maruti Ertiga,"5,95,699","86,390 km",Diesel,Manual
145,2013 Maruti Ertiga,"5,41,699","27,420 km",Diesel,Manual
146,2015 Maruti Swift,"3,98,199","41,046 km",Petrol,Manual
147,2009 Maruti Ritz,"1,69,099","1,19,824 km",Petrol,Manual
148,2011 Maruti Alto K10,"1,76,499","64,499 km",Petrol,Manual
149,2017 Maruti Swift,"4,78,599","46,758 km",Petrol,Manual
150,2016 Maruti Swift,"4,69,299","57,783 km",Diesel,Manual
151,2020 Maruti New Wagon-R,"4,92,799","7,242 km",Petrol,Manual
152,2017 Maruti Wagon R 1.0,"4,38,799","24,080 km",Petrol,Manual
153,2016 Maruti Vitara Brezza,"6,85,499","98,517 km",Diesel,Manual
154,2016 Maruti Vitara Brezza,"6,80,499","54,460 km",Diesel,Manual
155,2020 Maruti New Wagon-R,"4,92,799","7,242 km",Petrol,Manual
156,-,-,-,-,-
157,2016 Maruti Alto K10,"3,15,799","30,268 km",Petrol,Manual
158,2019 Hyundai Creta,"12,03,899","17,135 km",Petrol,Automatic
159,2019 Hyundai Creta,"13,57,099","9,627 km",Petrol,Automatic
160,2015 Honda Amaze,"4,91,599","62,462 km",Petrol,Manual
161,2020 KIA SELTOS,"11,59,099","5,822 km",Petrol,Manual
162,2014 Maruti Swift Dzire,"4,12,199","87,119 km",Diesel,Manual
163,2011 BMW 3 Series,"6,43,699","90,696 km",Diesel,Automatic
164,2012 Maruti Ertiga,"4,75,099","1,41,061 km",Diesel,Manual
165,2013 Maruti Ertiga,"5,41,699","27,420 km",Diesel,Manual
166,2015 Maruti Swift,"3,98,199","41,046 km",Petrol,Manual
167,2009 Maruti Ritz,"1,69,099","1,19,824 km",Petrol,Manual
168,2011 Maruti Alto K10,"1,76,499","64,499 km",Petrol,Manual
169,2017 Maruti Swift,"4,78,599","46,758 km",Petrol,Manual
170,2016 Maruti Swift,"4,69,299","57,783 km",Diesel,Manual
171,2020 Maruti New Wagon-R,"4,92,799","7,242 km",Petrol,Manual
172,2015 Maruti Wagon R 1.0,"3,77,799","62,630 km",Petrol,Manual
173,2017 Maruti Vitara Brezza,"6,89,699","34,749 km",Diesel,Manual
174,2016 Maruti Vitara Brezza,"6,80,499","54,460 km",Diesel,Manual
175,2020 Maruti New Wagon-R,"4,92,799","7,242 km",Petrol,Manual
176,2019 Maruti New Wagon-R,"4,84,799","13,139 km",Petrol,Manual
177,2016 Maruti Alto K10,"3,15,799","30,268 km",Petrol,Manual
178,2019 Hyundai Creta,"12,03,899","17,135 km",Petrol,Automatic
179,2019 Hyundai Creta,"13,57,099","9,627 km",Petrol,Automatic
180,2015 Honda Amaze,"4,91,599","62,462 km",Petrol,Manual
181,2012 Maruti Swift Dzire,"3,68,699","49,310 km",Diesel,Manual
182,2013 Maruti Swift Dzire,"3,75,199","88,228 km",Diesel,Manual
183,2011 BMW 3 Series,"6,43,699","90,696 km",Diesel,Automatic
184,2014 Maruti Ertiga,"5,95,699","86,390 km",Diesel,Manual
185,2013 Maruti Ertiga,"5,41,699","27,420 km",Diesel,Manual
186,2018 Maruti Swift,"5,04,999","80,785 km",Petrol,Manual
187,2009 Maruti Ritz,"1,69,099","1,19,824 km",Petrol,Manual
188,2011 Maruti Alto K10,"1,76,499","64,499 km",Petrol,Manual
189,2017 Maruti Swift,"4,78,599","46,758 km",Petrol,Manual
190,2016 Maruti Swift,"4,69,299","57,783 km",Diesel,Manual
191,2020 Maruti New Wagon-R,"4,92,799","7,242 km",Petrol,Manual
192,2015 Maruti Wagon R 1.0,"3,69,999","78,823 km",Petrol,Manual
193,2017 Maruti Vitara Brezza,"6,89,699","34,749 km",Diesel,Manual
194,2016 Maruti Vitara Brezza,"6,80,499","54,460 km",Diesel,Manual
195,2020 Maruti New Wagon-R,"4,88,899","3,865 km",Petrol,Manual
196,2019 Maruti New Wagon-R,"4,84,799","13,139 km",Petrol,Manual
197,2016 Maruti Alto K10,"3,15,799","30,268 km",Petrol,Manual
198,2019 Hyundai Creta,"12,03,899","17,135 km",Petrol,Automatic
199,2019 Hyundai Creta,"13,57,099","9,627 km",Petrol,Automatic
200,2015 Honda Amaze,"4,91,599","62,462 km",Petrol,Manual
201,2020 KIA SELTOS,"11,59,099","5,822 km",Petrol,Manual
202,2013 Maruti Swift Dzire,"3,75,199","88,228 km",Diesel,Manual
203,2011 BMW 3 Series,"6,43,699","90,696 km",Diesel,Automatic
204,2014 Maruti Ertiga,"4,36,499","78,074 km",Diesel,Manual
205,2013 Maruti Ertiga,"5,41,699","27,420 km",Diesel,Manual
206,2015 Maruti Swift,"3,98,199","41,046 km",Petrol,Manual
207,2009 Maruti Ritz,"1,69,099","1,19,824 km",Petrol,Manual
208,2011 Maruti Alto K10,"1,76,499","64,499 km",Petrol,Manual
209,2017 Maruti Swift,"4,78,599","46,758 km",Petrol,Manual
210,2016 Maruti Swift,"4,69,299","57,783 km",Diesel,Manual
211,2020 Maruti New Wagon-R,"4,92,799","7,242 km",Petrol,Manual
212,2017 Maruti Wagon R 1.0,"4,38,799","24,080 km",Petrol,Manual
213,2017 Maruti Vitara Brezza,"6,89,699","34,749 km",Diesel,Manual
214,2016 Maruti Vitara Brezza,"6,80,499","54,460 km",Diesel,Manual
215,2020 Maruti New Wagon-R,"4,88,899","3,865 km",Petrol,Manual
216,2019 Maruti New Wagon-R,"4,84,799","13,139 km",Petrol,Manual
217,2016 Maruti Alto K10,"3,15,799","30,268 km",Petrol,Manual
218,2019 Hyundai Creta,"12,03,899","17,135 km",Petrol,Automatic
219,2019 Hyundai Creta,"13,57,099","9,627 km",Petrol,Automatic
220,2015 Honda Amaze,"4,91,599","62,462 km",Petrol,Manual
221,2020 KIA SELTOS,"11,59,099","5,822 km",Petrol,Manual
222,2014 Maruti Swift Dzire,"4,12,199","87,119 km",Diesel,Manual
223,2011 BMW 3 Series,"6,43,699","90,696 km",Diesel,Automatic
224,2012 Maruti Ertiga,"4,75,099","1,41,061 km",Diesel,Manual
225,2013 Maruti Ertiga,"5,41,699","27,420 km",Diesel,Manual
226,2015 Maruti Swift,"3,98,199","41,046 km",Petrol,Manual
227,2009 Maruti Ritz,"1,69,099","1,19,824 km",Petrol,Manual
228,2011 Maruti Alto K10,"1,76,499","64,499 km",Petrol,Manual
229,2017 Maruti Swift,"4,78,599","46,758 km",Petrol,Manual
230,2016 Maruti Swift,"4,69,299","57,783 km",Diesel,Manual
231,2020 Maruti New Wagon-R,"4,92,799","7,242 km",Petrol,Manual
232,2017 Maruti Wagon R 1.0,"4,38,799","24,080 km",Petrol,Manual
233,2017 Maruti Vitara Brezza,"6,89,699","34,749 km",Diesel,Manual
234,2016 Maruti Vitara Brezza,"6,80,499","54,460 km",Diesel,Manual
235,2020 Maruti New Wagon-R,"4,88,899","3,865 km",Petrol,Manual
236,2019 Maruti New Wagon-R,"4,84,799","13,139 km",Petrol,Manual
237,2016 Maruti Alto K10,"3,15,799","30,268 km",Petrol,Manual
238,2019 Hyundai Creta,"12,03,899","17,135 km",Petrol,Automatic
239,-,-,-,-,-
240,-,-,-,-,-
241,2019 Hyundai Creta,"13,57,099","9,627 km",Petrol,Automatic
242,2013 Maruti Swift Dzire,"3,75,199","88,228 km",Diesel,Manual
243,2011 BMW 3 Series,"6,43,699","90,696 km",Diesel,Automatic
244,2014 Maruti Ertiga,"5,95,699","86,390 km",Diesel,Manual
245,-,-,-,-,-
246,2018 Maruti Swift,"5,04,999","80,785 km",Petrol,Manual
247,2009 Maruti Ritz,"1,69,099","1,19,824 km",Petrol,Manual
248,2011 Maruti Alto K10,"1,76,499","64,499 km",Petrol,Manual
249,2017 Maruti Swift,"4,78,599","46,758 km",Petrol,Manual
250,2016 Maruti Swift,"4,69,299","57,783 km",Diesel,Manual
251,2020 Maruti New Wagon-R,"4,92,799","7,242 km",Petrol,Manual
252,2017 Maruti Wagon R 1.0,"4,38,799","24,080 km",Petrol,Manual
253,2016 Maruti Vitara Brezza,"6,85,499","98,517 km",Diesel,Manual
254,2016 Maruti Vitara Brezza,"6,80,499","54,460 km",Diesel,Manual
255,2020 Maruti New Wagon-R,"4,92,799","7,242 km",Petrol,Manual
256,2019 Maruti New Wagon-R,"4,84,799","13,139 km",Petrol,Manual
257,2016 Maruti Alto K10,"3,15,799","30,268 km",Petrol,Manual
258,2019 Hyundai Creta,"12,03,899","17,135 km",Petrol,Automatic
259,2019 Hyundai Creta,"13,57,099","9,627 km",Petrol,Automatic
260,2015 Honda Amaze,"4,91,599","62,462 km",Petrol,Manual
261,2020 KIA SELTOS,"11,59,099","5,822 km",Petrol,Manual
262,2013 Maruti Swift Dzire,"3,75,199","88,228 km",Diesel,Manual
263,2011 BMW 3 Series,"6,43,699","90,696 km",Diesel,Automatic
264,2014 Maruti Ertiga,"4,36,499","78,074 km",Diesel,Manual
265,2013 Maruti Ertiga,"5,41,699","27,420 km",Diesel,Manual
266,2018 Maruti Swift,"5,04,999","80,785 km",Petrol,Manual
267,2009 Maruti Ritz,"1,69,099","1,19,824 km",Petrol,Manual
268,2011 Maruti Alto K10,"1,76,499","64,499 km",Petrol,Manual
269,2017 Maruti Swift,"4,78,599","46,758 km",Petrol,Manual
270,2016 Maruti Swift,"4,69,299","57,783 km",Diesel,Manual
271,2020 Maruti New Wagon-R,"4,92,799","7,242 km",Petrol,Manual
272,2015 Maruti Wagon R 1.0,"3,77,799","62,630 km",Petrol,Manual
273,2017 Maruti Vitara Brezza,"6,89,699","34,749 km",Diesel,Manual
274,2016 Maruti Vitara Brezza,"6,80,499","54,460 km",Diesel,Manual
275,2020 Maruti New Wagon-R,"4,92,799","7,242 km",Petrol,Manual
276,2019 Maruti New Wagon-R,"4,84,799","13,139 km",Petrol,Manual
277,2016 Maruti Alto K10,"3,15,799","30,268 km",Petrol,Manual
278,2019 Hyundai Creta,"12,03,899","17,135 km",Petrol,Automatic
279,2019 Hyundai Creta,"13,57,099","9,627 km",Petrol,Automatic
280,2015 Honda Amaze,"4,91,599","62,462 km",Petrol,Manual
281,2020 KIA SELTOS,"11,59,099","5,822 km",Petrol,Manual
282,2013 Maruti Swift Dzire,"3,75,199","88,228 km",Diesel,Manual
283,2011 BMW 3 Series,"6,43,699","90,696 km",Diesel,Automatic
284,2014 Maruti Ertiga,"4,36,499","78,074 km",Diesel,Manual
285,2013 Maruti Ertiga,"5,41,699","27,420 km",Diesel,Manual
286,2015 Maruti Swift,"3,98,199","41,046 km",Petrol,Manual
287,2009 Maruti Ritz,"1,69,099","1,19,824 km",Petrol,Manual
288,2011 Maruti Alto K10,"1,76,499","64,499 km",Petrol,Manual
289,2017 Maruti Swift,"4,78,599","46,758 km",Petrol,Manual
290,2016 Maruti Swift,"4,69,299","57,783 km",Diesel,Manual
291,2020 Maruti New Wagon-R,"4,92,799","7,242 km",Petrol,Manual
292,2015 Maruti Wagon R 1.0,"3,69,999","78,823 km",Petrol,Manual
293,2016 Maruti Vitara Brezza,"6,85,499","98,517 km",Diesel,Manual
294,2016 Maruti Vitara Brezza,"6,80,499","54,460 km",Diesel,Manual
295,2020 Maruti New Wagon-R,"4,92,799","7,242 km",Petrol,Manual
296,2019 Maruti New Wagon-R,"4,84,799","13,139 km",Petrol,Manual
297,2016 Maruti Alto K10,"3,15,799","30,268 km",Petrol,Manual
298,2019 Hyundai Creta,"12,03,899","17,135 km",Petrol,Automatic
299,2019 Hyundai Creta,"13,57,099","9,627 km",Petrol,Automatic
300,2015 Honda Amaze,"4,91,599","62,462 km",Petrol,Manual
301,2020 KIA SELTOS,"11,59,099","5,822 km",Petrol,Manual
302,2014 Maruti Swift Dzire,"4,12,199","87,119 km",Diesel,Manual
303,2011 BMW 3 Series,"6,43,699","90,696 km",Diesel,Automatic
304,2014 Maruti Ertiga,"4,36,499","78,074 km",Diesel,Manual
305,2013 Maruti Ertiga,"5,41,699","27,420 km",Diesel,Manual
306,2015 Maruti Swift,"3,98,199","41,046 km",Petrol,Manual
307,2009 Maruti Ritz,"1,69,099","1,19,824 km",Petrol,Manual
308,2011 Maruti Alto K10,"1,76,499","64,499 km",Petrol,Manual
309,2017 Maruti Swift,"4,78,599","46,758 km",Petrol,Manual
310,2016 Maruti Swift,"4,69,299","57,783 km",Diesel,Manual
311,2020 Maruti New Wagon-R,"4,92,799","7,242 km",Petrol,Manual
312,2015 Maruti Wagon R 1.0,"3,77,799","62,630 km",Petrol,Manual
313,2016 Maruti Vitara Brezza,"6,85,499","98,517 km",Diesel,Manual
314,2016 Maruti Vitara Brezza,"6,80,499","54,460 km",Diesel,Manual
315,2020 Maruti New Wagon-R,"4,88,899","3,865 km",Petrol,Manual
316,2019 Maruti New Wagon-R,"4,84,799","13,139 km",Petrol,Manual
317,2016 Maruti Alto K10,"3,15,799","30,268 km",Petrol,Manual
318,2019 Hyundai Creta,"12,03,899","17,135 km",Petrol,Automatic
319,2019 Hyundai Creta,"13,57,099","9,627 km",Petrol,Automatic
320,2015 Honda Amaze,"4,91,599","62,462 km",Petrol,Manual
321,2020 KIA SELTOS,"11,59,099","5,822 km",Petrol,Manual
322,2013 Maruti Swift Dzire,"3,75,199","88,228 km",Diesel,Manual
323,2011 BMW 3 Series,"6,43,699","90,696 km",Diesel,Automatic
324,2014 Maruti Ertiga,"4,36,499","78,074 km",Diesel,Manual
325,2013 Maruti Ertiga,"5,41,699","27,420 km",Diesel,Manual
326,2018 Maruti Swift,"5,04,999","80,785 km",Petrol,Manual
327,2009 Maruti Ritz,"1,69,099","1,19,824 km",Petrol,Manual
328,2011 Maruti Alto K10,"1,76,499","64,499 km",Petrol,Manual
329,2017 Maruti Swift,"4,78,599","46,758 km",Petrol,Manual
330,2016 Maruti Swift,"4,69,299","57,783 km",Diesel,Manual
331,2020 Maruti New Wagon-R,"4,92,799","7,242 km",Petrol,Manual
332,2017 Maruti Wagon R 1.0,"4,38,799","24,080 km",Petrol,Manual
333,2016 Maruti Vitara Brezza,"6,85,499","98,517 km",Diesel,Manual
334,2016 Maruti Vitara Brezza,"6,80,499","54,460 km",Diesel,Manual
335,2020 Maruti New Wagon-R,"4,88,899","3,865 km",Petrol,Manual
336,2019 Maruti New Wagon-R,"4,84,799","13,139 km",Petrol,Manual
337,2016 Maruti Alto K10,"3,15,799","30,268 km",Petrol,Manual
338,2019 Hyundai Creta,"12,03,899","17,135 km",Petrol,Automatic
339,2019 Hyundai Creta,"13,57,099","9,627 km",Petrol,Automatic
340,2015 Honda Amaze,"4,91,599","62,462 km",Petrol,Manual
341,2020 KIA SELTOS,"11,59,099","5,822 km",Petrol,Manual
342,2014 Maruti Swift Dzire,"4,12,199","87,119 km",Diesel,Manual
343,2011 BMW 3 Series,"6,43,699","90,696 km",Diesel,Automatic
344,2012 Maruti Ertiga,"4,75,099","1,41,061 km",Diesel,Manual
345,2013 Maruti Ertiga,"5,41,699","27,420 km",Diesel,Manual
346,2018 Maruti Swift,"5,04,999","80,785 km",Petrol,Manual
347,2009 Maruti Ritz,"1,69,099","1,19,824 km",Petrol,Manual
348,2011 Maruti Alto K10,"1,76,499","64,499 km",Petrol,Manual
349,2017 Maruti Swift,"4,78,599","46,758 km",Petrol,Manual
350,2016 Maruti Swift,"4,69,299","57,783 km",Diesel,Manual
351,2020 Maruti New Wagon-R,"4,92,799","7,242 km",Petrol,Manual
352,2015 Maruti Wagon R 1.0,"3,69,999","78,823 km",Petrol,Manual
353,2016 Maruti Vitara Brezza,"6,85,499","98,517 km",Diesel,Manual
354,2016 Maruti Vitara Brezza,"6,80,499","54,460 km",Diesel,Manual
355,2020 Maruti New Wagon-R,"4,88,899","3,865 km",Petrol,Manual
356,2019 Maruti New Wagon-R,"4,84,799","13,139 km",Petrol,Manual
357,2020 KIA SELTOS,"11,59,099","5,822 km",Petrol,Manual
358,2019 Hyundai Creta,"12,03,899","17,135 km",Petrol,Automatic
359,2019 Hyundai Creta,"13,57,099","9,627 km",Petrol,Automatic
360,2015 Honda Amaze,"4,91,599","62,462 km",Petrol,Manual
361,2020 KIA SELTOS,"11,59,099","5,822 km",Petrol,Manual
362,2014 Maruti Swift Dzire,"4,12,199","87,119 km",Diesel,Manual
363,2011 BMW 3 Series,"6,43,699","90,696 km",Diesel,Automatic
364,2012 Maruti Ertiga,"4,75,099","1,41,061 km",Diesel,Manual
365,2013 Maruti Ertiga,"5,41,699","27,420 km",Diesel,Manual
366,2015 Maruti Swift,"3,98,199","41,046 km",Petrol,Manual
367,2020 KIA SELTOS,"11,59,099","5,822 km",Petrol,Manual
368,2015 Maruti Swift,"4,22,699","68,276 km",Diesel,Manual
369,2020 KIA SELTOS,"11,59,099","5,822 km",Petrol,Manual
370,2013 Maruti Swift,"3,54,799","76,608 km",Diesel,Manual
371,2020 Maruti New Wagon-R,"4,92,799","7,242 km",Petrol,Manual
372,2017 Maruti Wagon R 1.0,"4,38,799","24,080 km",Petrol,Manual
373,2016 Maruti Vitara Brezza,"6,85,499","98,517 km",Diesel,Manual
374,2016 Maruti Vitara Brezza,"6,80,499","54,460 km",Diesel,Manual
375,2020 Maruti New Wagon-R,"4,88,899","3,865 km",Petrol,Manual
376,2019 Maruti New Wagon-R,"4,84,799","13,139 km",Petrol,Manual
377,2020 KIA SELTOS,"11,59,099","5,822 km",Petrol,Manual
378,2019 Hyundai Creta,"12,03,899","17,135 km",Petrol,Automatic
379,2019 Hyundai Creta,"13,57,099","9,627 km",Petrol,Automatic
380,2015 Honda Amaze,"4,91,599","62,462 km",Petrol,Manual
381,2020 KIA SELTOS,"11,59,099","5,822 km",Petrol,Manual
382,2014 Maruti Swift Dzire,"4,12,199","87,119 km",Diesel,Manual
383,2011 BMW 3 Series,"6,43,699","90,696 km",Diesel,Automatic
384,2014 Maruti Ertiga,"5,95,699","86,390 km",Diesel,Manual
385,2013 Maruti Ertiga,"5,41,699","27,420 km",Diesel,Manual
386,2014 Maruti Swift,"4,15,299","31,436 km",Petrol,Manual
387,2020 KIA SELTOS,"11,59,099","5,822 km",Petrol,Manual
388,2015 Maruti Swift,"4,22,699","68,276 km",Diesel,Manual
389,2020 KIA SELTOS,"11,59,099","5,822 km",Petrol,Manual
390,2013 Maruti Swift,"3,54,799","76,608 km",Diesel,Manual
391,2020 Maruti New Wagon-R,"4,92,799","7,242 km",Petrol,Manual
392,2017 Maruti Wagon R 1.0,"4,38,799","24,080 km",Petrol,Manual
393,-,-,-,-,-
394,-,-,-,-,-
395,-,-,-,-,-
396,2019 Maruti New Wagon-R,"4,84,799","13,139 km",Petrol,Manual
397,2020 KIA SELTOS,"11,59,099","5,822 km",Petrol,Manual
398,2019 Hyundai Creta,"12,03,899","17,135 km",Petrol,Automatic
399,-,-,-,-,-
400,-,-,-,-,-
401,-,-,-,-,-
402,-,-,-,-,-
403,-,-,-,-,-
404,2015 Maruti Swift,"476,599","60,507 km",Diesel,Manual
405,-,-,-,-,-
406,2015 Maruti Swift,"464,999","26,749 km",Petrol,Manual
407,2020 KIA SELTOS,"1,159,099","5,822 km",Petrol,Manual
408,-,-,-,-,-
409,2020 KIA SELTOS,"1,159,099","5,822 km",Petrol,Manual
410,-,-,-,-,-
411,-,-,-,-,-
412,2018 Maruti Wagon R 1.0,"414,899","31,829 km",Petrol,Manual
413,-,-,-,-,-
414,-,-,-,-,-
415,-,-,-,-,-
416,2020 Maruti New Wagon-R,"509,199","6,879 km",Petrol,Manual
417,2020 KIA SELTOS,"1,159,099","5,822 km",Petrol,Manual
418,2017 Hyundai Creta,"1,127,699","77,777 km",Diesel,Automatic
419,-,-,-,-,-
420,-,-,-,-,-
421,-,-,-,-,-
422,-,-,-,-,-
423,-,-,-,-,-
424,2015 Maruti Swift,"453,599","27,868 km",Diesel,Manual
425,-,-,-,-,-
426,2016 Maruti Swift,"497,999","72,625 km",Petrol,Manual
427,2020 KIA SELTOS,"1,159,099","5,822 km",Petrol,Manual
428,-,-,-,-,-
429,2020 KIA SELTOS,"1,159,099","5,822 km",Petrol,Manual
430,-,-,-,-,-
431,-,-,-,-,-
432,2018 Maruti Wagon R 1.0,"414,899","31,829 km",Petrol,Manual
433,-,-,-,-,-
434,-,-,-,-,-
435,-,-,-,-,-
436,2020 Maruti New Wagon-R,"509,199","6,879 km",Petrol,Manual
437,2020 KIA SELTOS,"1,159,099","5,822 km",Petrol,Manual
438,2017 Hyundai Creta,"1,177,199","52,753 km",Diesel,Automatic
439,-,-,-,-,-
440,-,-,-,-,-
441,-,-,-,-,-
442,-,-,-,-,-
443,-,-,-,-,-
444,2015 Maruti Swift,"476,599","60,507 km",Diesel,Manual
445,-,-,-,-,-
446,2014 Maruti Swift,"371,399","45,932 km",Petrol,Manual
447,2020 KIA SELTOS,"1,159,099","5,822 km",Petrol,Manual
448,-,-,-,-,-
449,2020 KIA SELTOS,"1,159,099","5,822 km",Petrol,Manual
450,-,-,-,-,-
451,-,-,-,-,-
452,2014 Maruti Wagon R 1.0,"338,199","45,680 km",Petrol,Manual
453,-,-,-,-,-
454,-,-,-,-,-
455,-,-,-,-,-
456,2020 Maruti New Wagon-R,"509,199","6,879 km",Petrol,Manual
457,2020 KIA SELTOS,"1,159,099","5,822 km",Petrol,Manual
458,2020 Hyundai Creta,"1,534,299","8,382 km",Petrol,Manual
459,-,-,-,-,-
460,-,-,-,-,-
461,-,-,-,-,-
462,-,-,-,-,-
463,-,-,-,-,-
464,2015 Maruti Swift Dzire,"578,399","38,769 km",Diesel,Manual
465,-,-,-,-,-
466,2016 Maruti Swift,"497,999","72,625 km",Petrol,Manual
467,2020 KIA SELTOS,"1,159,099","5,822 km",Petrol,Manual
468,-,-,-,-,-
469,2020 KIA SELTOS,"1,159,099","5,822 km",Petrol,Manual
470,-,-,-,-,-
471,-,-,-,-,-
472,2018 Maruti Wagon R 1.0,"414,899","31,829 km",Petrol,Manual
473,-,-,-,-,-
474,-,-,-,-,-
475,-,-,-,-,-
476,2020 Maruti New Wagon-R,"509,199","6,879 km",Petrol,Manual
477,2020 KIA SELTOS,"1,159,099","5,822 km",Petrol,Manual
478,2017 Hyundai Creta,"1,127,699","77,777 km",Diesel,Automatic
479,-,-,-,-,-
480,-,-,-,-,-
481,-,-,-,-,-
482,-,-,-,-,-
483,-,-,-,-,-
484,2015 Maruti Swift Dzire,"578,399","38,769 km",Diesel,Manual
485,-,-,-,-,-
486,2014 Maruti Swift,"371,399","45,932 km",Petrol,Manual
487,2020 KIA SELTOS,"1,159,099","5,822 km",Petrol,Manual
488,-,-,-,-,-
489,2020 KIA SELTOS,"1,159,099","5,822 km",Petrol,Manual
490,-,-,-,-,-
491,-,-,-,-,-
492,2018 Maruti Wagon R 1.0,"414,899","31,829 km",Petrol,Manual
493,-,-,-,-,-
494,-,-,-,-,-
495,-,-,-,-,-
496,2020 Maruti New Wagon-R,"509,199","6,879 km",Petrol,Manual
497,2020 KIA SELTOS,"1,159,099","5,822 km",Petrol,Manual
498,2017 Hyundai Creta,"1,127,699","77,777 km",Diesel,Automatic
499,-,-,-,-,-
500,-,-,-,-,-
501,-,-,-,-,-
502,-,-,-,-,-
503,-,-,-,-,-
504,2015 Maruti Swift,"453,599","27,868 km",Diesel,Manual
505,-,-,-,-,-
506,2014 Maruti Swift,"371,399","45,932 km",Petrol,Manual
507,2020 KIA SELTOS,"1,159,099","5,822 km",Petrol,Manual
508,-,-,-,-,-
509,2020 KIA SELTOS,"1,159,099","5,822 km",Petrol,Manual
510,-,-,-,-,-
511,-,-,-,-,-
512,2014 Maruti Wagon R 1.0,"338,199","45,680 km",Petrol,Manual
513,-,-,-,-,-
514,-,-,-,-,-
515,-,-,-,-,-
516,2020 Maruti New Wagon-R,"509,199","6,879 km",Petrol,Manual
517,2020 KIA SELTOS,"1,159,099","5,822 km",Petrol,Manual
518,2017 Hyundai Creta,"1,127,699","77,777 km",Diesel,Automatic
519,-,-,-,-,-
520,-,-,-,-,-
521,-,-,-,-,-
522,-,-,-,-,-
523,-,-,-,-,-
524,2015 Maruti Swift,"453,599","27,868 km",Diesel,Manual
525,-,-,-,-,-
526,2016 Maruti Swift,"497,999","72,625 km",Petrol,Manual
527,2020 KIA SELTOS,"1,159,099","5,822 km",Petrol,Manual
528,-,-,-,-,-
529,2020 KIA SELTOS,"1,159,099","5,822 km",Petrol,Manual
530,-,-,-,-,-
531,-,-,-,-,-
532,2018 Maruti Wagon R 1.0,"414,899","31,829 km",Petrol,Manual
533,-,-,-,-,-
534,-,-,-,-,-
535,-,-,-,-,-
536,2020 Maruti New Wagon-R,"509,199","6,879 km",Petrol,Manual
537,2020 KIA SELTOS,"1,159,099","5,822 km",Petrol,Manual
538,2017 Hyundai Creta,"1,127,699","77,777 km",Diesel,Automatic
539,-,-,-,-,-
540,-,-,-,-,-
541,-,-,-,-,-
542,-,-,-,-,-
543,-,-,-,-,-
544,2015 Maruti Swift Dzire,"578,399","38,769 km",Diesel,Manual
545,-,-,-,-,-
546,2016 Maruti Swift,"497,999","72,625 km",Petrol,Manual
547,2020 KIA SELTOS,"1,159,099","5,822 km",Petrol,Manual
548,-,-,-,-,-
549,2020 KIA SELTOS,"1,159,099","5,822 km",Petrol,Manual
550,-,-,-,-,-
551,-,-,-,-,-
552,2018 Maruti Wagon R 1.0,"414,899","31,829 km",Petrol,Manual
553,-,-,-,-,-
554,-,-,-,-,-
555,-,-,-,-,-
556,2020 Maruti New Wagon-R,"509,199","6,879 km",Petrol,Manual
557,2020 KIA SELTOS,"1,159,099","5,822 km",Petrol,Manual
558,2018 Hyundai Creta,"1,154,099","71,967 km",Diesel,Manual
559,-,-,-,-,-
560,-,-,-,-,-
561,-,-,-,-,-
562,-,-,-,-,-
563,-,-,-,-,-
564,2015 Maruti Swift Dzire,"578,399","38,769 km",Diesel,Manual
565,-,-,-,-,-
566,2014 Maruti Swift,"371,399","45,932 km",Petrol,Manual
567,2020 KIA SELTOS,"1,159,099","5,822 km",Petrol,Manual
568,-,-,-,-,-
569,2020 KIA SELTOS,"1,159,099","5,822 km",Petrol,Manual
570,-,-,-,-,-
571,-,-,-,-,-
572,2014 Maruti Wagon R 1.0,"338,199","45,680 km",Petrol,Manual
573,-,-,-,-,-
574,-,-,-,-,-
575,-,-,-,-,-
576,2020 Maruti New Wagon-R,"509,199","6,879 km",Petrol,Manual
577,2020 KIA SELTOS,"1,159,099","5,822 km",Petrol,Manual
578,2018 Hyundai Creta,"1,154,099","71,967 km",Diesel,Manual
579,-,-,-,-,-
580,-,-,-,-,-
581,-,-,-,-,-
582,-,-,-,-,-
583,-,-,-,-,-
584,2015 Maruti Swift Dzire,"578,399","38,769 km",Diesel,Manual
585,-,-,-,-,-
586,2014 Maruti Swift,"371,399","45,932 km",Petrol,Manual
587,2020 KIA SELTOS,"1,159,099","5,822 km",Petrol,Manual
588,-,-,-,-,-
589,2020 KIA SELTOS,"1,159,099","5,822 km",Petrol,Manual
590,-,-,-,-,-
591,-,-,-,-,-
592,2018 Maruti Wagon R 1.0,"414,899","31,829 km",Petrol,Manual
593,-,-,-,-,-
594,-,-,-,-,-
595,-,-,-,-,-
596,2020 Maruti New Wagon-R,"509,199","6,879 km",Petrol,Manual
597,2020 KIA SELTOS,"1,159,099","5,822 km",Petrol,Manual
598,2017 Hyundai Creta,"1,177,199","52,753 km",Diesel,Automatic
599,-,-,-,-,-
600,-,-,-,-,-
601,-,-,-,-,-
602,-,-,-,-,-
603,-,-,-,-,-
604,2015 Maruti Swift Dzire,"578,399","38,769 km",Diesel,Manual
605,-,-,-,-,-
606,2014 Maruti Swift,"371,399","45,932 km",Petrol,Manual
607,2020 KIA SELTOS,"1,159,099","5,822 km",Petrol,Manual
608,-,-,-,-,-
609,2020 KIA SELTOS,"1,159,099","5,822 km",Petrol,Manual
610,-,-,-,-,-
611,-,-,-,-,-
612,2018 Maruti Wagon R 1.0,"414,899","31,829 km",Petrol,Manual
613,-,-,-,-,-
614,-,-,-,-,-
615,-,-,-,-,-
616,2020 Maruti New Wagon-R,"509,199","6,879 km",Petrol,Manual
617,2020 KIA SELTOS,"1,159,099","5,822 km",Petrol,Manual
618,2018 Hyundai Creta,"1,154,099","71,967 km",Diesel,Manual
619,-,-,-,-,-
620,-,-,-,-,-
621,-,-,-,-,-
622,-,-,-,-,-
623,-,-,-,-,-
624,2015 Maruti Swift,"453,599","27,868 km",Diesel,Manual
625,-,-,-,-,-
626,2016 Maruti Swift,"497,999","72,625 km",Petrol,Manual
627,2020 KIA SELTOS,"1,159,099","5,822 km",Petrol,Manual
628,-,-,-,-,-
629,2020 KIA SELTOS,"1,159,099","5,822 km",Petrol,Manual
630,-,-,-,-,-
631,-,-,-,-,-
632,2018 Maruti Wagon R 1.0,"414,899","31,829 km",Petrol,Manual
633,-,-,-,-,-
634,-,-,-,-,-
635,-,-,-,-,-
636,2020 Maruti New Wagon-R,"509,199","6,879 km",Petrol,Manual
637,2020 KIA SELTOS,"1,159,099","5,822 km",Petrol,Manual
638,2018 Hyundai Creta,"1,154,099","71,967 km",Diesel,Manual
639,-,-,-,-,-
640,-,-,-,-,-
641,-,-,-,-,-
642,-,-,-,-,-
643,-,-,-,-,-
644,2015 Maruti Swift Dzire,"578,399","38,769 km",Diesel,Manual
645,-,-,-,-,-
646,2016 Maruti Swift,"497,999","72,625 km",Petrol,Manual
647,2020 KIA SELTOS,"1,159,099","5,822 km",Petrol,Manual
648,-,-,-,-,-
649,2020 KIA SELTOS,"1,159,099","5,822 km",Petrol,Manual
650,-,-,-,-,-
651,-,-,-,-,-
652,2018 Maruti Wagon R 1.0,"414,899","31,829 km",Petrol,Manual
653,-,-,-,-,-
654,-,-,-,-,-
655,-,-,-,-,-
656,2020 Maruti New Wagon-R,"509,199","6,879 km",Petrol,Manual
657,2020 KIA SELTOS,"1,159,099","5,822 km",Petrol,Manual
658,2017 Hyundai Creta,"1,127,699","77,777 km",Diesel,Automatic
659,-,-,-,-,-
660,-,-,-,-,-
661,-,-,-,-,-
662,-,-,-,-,-
663,-,-,-,-,-
664,2015 Maruti Swift,"453,599","27,868 km",Diesel,Manual
665,-,-,-,-,-
666,2014 Maruti Swift,"371,399","45,932 km",Petrol,Manual
667,2020 KIA SELTOS,"1,159,099","5,822 km",Petrol,Manual
668,-,-,-,-,-
669,2020 KIA SELTOS,"1,159,099","5,822 km",Petrol,Manual
670,-,-,-,-,-
671,-,-,-,-,-
672,2014 Maruti Wagon R 1.0,"338,199","45,680 km",Petrol,Manual
673,-,-,-,-,-
674,-,-,-,-,-
675,-,-,-,-,-
676,2020 Maruti New Wagon-R,"509,199","6,879 km",Petrol,Manual
677,2020 KIA SELTOS,"1,159,099","5,822 km",Petrol,Manual
678,2017 Hyundai Creta,"1,177,199","52,753 km",Diesel,Automatic
679,-,-,-,-,-
680,-,-,-,-,-
681,-,-,-,-,-
682,-,-,-,-,-
683,-,-,-,-,-
684,2015 Maruti Swift,"453,599","27,868 km",Diesel,Manual
685,-,-,-,-,-
686,2016 Maruti Swift,"497,999","72,625 km",Petrol,Manual
687,2020 KIA SELTOS,"1,159,099","5,822 km",Petrol,Manual
688,-,-,-,-,-
689,2020 KIA SELTOS,"1,159,099","5,822 km",Petrol,Manual
690,-,-,-,-,-
691,-,-,-,-,-
692,2014 Maruti Wagon R 1.0,"338,199","45,680 km",Petrol,Manual
693,-,-,-,-,-
694,-,-,-,-,-
695,-,-,-,-,-
696,2020 Maruti New Wagon-R,"509,199","6,879 km",Petrol,Manual
697,2020 KIA SELTOS,"1,159,099","5,822 km",Petrol,Manual
698,2018 Hyundai Creta,"1,154,099","71,967 km",Diesel,Manual
699,-,-,-,-,-
700,-,-,-,-,-
701,-,-,-,-,-
702,-,-,-,-,-
703,-,-,-,-,-
704,2015 Maruti Swift,"453,599","27,868 km",Diesel,Manual
705,-,-,-,-,-
706,2015 Maruti Swift,"464,999","26,749 km",Petrol,Manual
707,2020 KIA SELTOS,"1,159,099","5,822 km",Petrol,Manual
708,-,-,-,-,-
709,2020 KIA SELTOS,"1,159,099","5,822 km",Petrol,Manual
710,-,-,-,-,-
711,-,-,-,-,-
712,2014 Maruti Wagon R 1.0,"338,199","45,680 km",Petrol,Manual
713,-,-,-,-,-
714,-,-,-,-,-
715,-,-,-,-,-
716,2020 Maruti New Wagon-R,"509,199","6,879 km",Petrol,Manual
717,2020 KIA SELTOS,"1,159,099","5,822 km",Petrol,Manual
718,2020 Hyundai Creta,"1,534,299","8,382 km",Petrol,Manual
719,-,-,-,-,-
720,-,-,-,-,-
721,-,-,-,-,-
722,-,-,-,-,-
723,-,-,-,-,-
724,2015 Maruti Swift Dzire,"578,399","38,769 km",Diesel,Manual
725,-,-,-,-,-
726,2014 Maruti Swift,"371,399","45,932 km",Petrol,Manual
727,2020 KIA SELTOS,"1,159,099","5,822 km",Petrol,Manual
728,-,-,-,-,-
729,2020 KIA SELTOS,"1,159,099","5,822 km",Petrol,Manual
730,-,-,-,-,-
731,-,-,-,-,-
732,2018 Maruti Wagon R 1.0,"414,899","31,829 km",Petrol,Manual
733,-,-,-,-,-
734,-,-,-,-,-
735,-,-,-,-,-
736,2020 Maruti New Wagon-R,"509,199","6,879 km",Petrol,Manual
737,2020 KIA SELTOS,"1,159,099","5,822 km",Petrol,Manual
738,2018 Hyundai Creta,"1,154,099","71,967 km",Diesel,Manual
739,-,-,-,-,-
740,-,-,-,-,-
741,-,-,-,-,-
742,-,-,-,-,-
743,-,-,-,-,-
744,2015 Maruti Swift,"476,599","60,507 km",Diesel,Manual
745,-,-,-,-,-
746,2014 Maruti Swift,"371,399","45,932 km",Petrol,Manual
747,2020 KIA SELTOS,"1,159,099","5,822 km",Petrol,Manual
748,-,-,-,-,-
749,2020 KIA SELTOS,"1,159,099","5,822 km",Petrol,Manual
750,-,-,-,-,-
751,-,-,-,-,-
752,2014 Maruti Wagon R 1.0,"338,199","45,680 km",Petrol,Manual
753,-,-,-,-,-
754,-,-,-,-,-
755,-,-,-,-,-
756,2020 Maruti New Wagon-R,"509,199","6,879 km",Petrol,Manual
757,2020 KIA SELTOS,"1,159,099","5,822 km",Petrol,Manual
758,2018 Hyundai Creta,"1,154,099","71,967 km",Diesel,Manual
759,-,-,-,-,-
760,-,-,-,-,-
761,-,-,-,-,-
762,-,-,-,-,-
763,-,-,-,-,-
764,2015 Maruti Swift,"453,599","27,868 km",Diesel,Manual
765,-,-,-,-,-
766,2014 Maruti Swift,"371,399","45,932 km",Petrol,Manual
767,2020 KIA SELTOS,"1,159,099","5,822 km",Petrol,Manual
768,-,-,-,-,-
769,2020 KIA SELTOS,"1,159,099","5,822 km",Petrol,Manual
770,-,-,-,-,-
771,-,-,-,-,-
772,2018 Maruti Wagon R 1.0,"414,899","31,829 km",Petrol,Manual
773,-,-,-,-,-
774,-,-,-,-,-
775,-,-,-,-,-
776,2020 Maruti New Wagon-R,"509,199","6,879 km",Petrol,Manual
777,2020 KIA SELTOS,"1,159,099","5,822 km",Petrol,Manual
778,2018 Hyundai Creta,"1,154,099","71,967 km",Diesel,Manual
779,-,-,-,-,-
780,-,-,-,-,-
781,-,-,-,-,-
782,-,-,-,-,-
783,-,-,-,-,-
784,2015 Maruti Swift Dzire,"578,399","38,769 km",Diesel,Manual
785,-,-,-,-,-
786,2014 Maruti Swift,"371,399","45,932 km",Petrol,Manual
787,2020 KIA SELTOS,"1,159,099","5,822 km",Petrol,Manual
788,-,-,-,-,-
789,2020 KIA SELTOS,"1,159,099","5,822 km",Petrol,Manual
790,-,-,-,-,-
791,-,-,-,-,-
792,2018 Maruti Wagon R 1.0,"414,899","31,829 km",Petrol,Manual
793,-,-,-,-,-
794,-,-,-,-,-
795,-,-,-,-,-
796,2020 Maruti New Wagon-R,"509,199","6,879 km",Petrol,Manual
797,2020 KIA SELTOS,"1,159,099","5,822 km",Petrol,Manual
798,2018 Hyundai Creta,"1,154,099","71,967 km",Diesel,Manual
799,-,-,-,-,-
800,-,-,-,-,-
801,-,-,-,-,-
802,-,-,-,-,-
803,-,-,-,-,-
804,2015 Maruti Swift,"453,599","27,868 km",Diesel,Manual
805,-,-,-,-,-
806,2014 Maruti Swift,"371,399","45,932 km",Petrol,Manual
807,2020 KIA SELTOS,"1,159,099","5,822 km",Petrol,Manual
808,-,-,-,-,-
809,2020 KIA SELTOS,"1,159,099","5,822 km",Petrol,Manual
810,-,-,-,-,-
811,-,-,-,-,-
812,2018 Maruti Wagon R 1.0,"414,899","31,829 km",Petrol,Manual
813,-,-,-,-,-
814,-,-,-,-,-
815,-,-,-,-,-
816,2020 Maruti New Wagon-R,"509,199","6,879 km",Petrol,Manual
817,2020 KIA SELTOS,"1,159,099","5,822 km",Petrol,Manual
818,2017 Hyundai Creta,"1,127,699","77,777 km",Diesel,Automatic
819,-,-,-,-,-
820,-,-,-,-,-
821,-,-,-,-,-
822,-,-,-,-,-
823,-,-,-,-,-
824,2015 Maruti Swift,"453,599","27,868 km",Diesel,Manual
825,-,-,-,-,-
826,2016 Maruti Swift,"497,999","72,625 km",Petrol,Manual
827,2020 KIA SELTOS,"1,159,099","5,822 km",Petrol,Manual
828,-,-,-,-,-
829,2020 KIA SELTOS,"1,159,099","5,822 km",Petrol,Manual
830,-,-,-,-,-
831,-,-,-,-,-
832,2014 Maruti Wagon R 1.0,"338,199","45,680 km",Petrol,Manual
833,-,-,-,-,-
834,-,-,-,-,-
835,-,-,-,-,-
836,2020 Maruti New Wagon-R,"509,199","6,879 km",Petrol,Manual
837,2020 KIA SELTOS,"1,159,099","5,822 km",Petrol,Manual
838,2020 Hyundai Creta,"1,534,299","8,382 km",Petrol,Manual
839,-,-,-,-,-
840,-,-,-,-,-
841,-,-,-,-,-
842,-,-,-,-,-
843,-,-,-,-,-
844,2015 Maruti Swift,"453,599","27,868 km",Diesel,Manual
845,-,-,-,-,-
846,2014 Maruti Swift,"371,399","45,932 km",Petrol,Manual
847,2020 KIA SELTOS,"1,159,099","5,822 km",Petrol,Manual
848,-,-,-,-,-
849,2020 KIA SELTOS,"1,159,099","5,822 km",Petrol,Manual
850,-,-,-,-,-
851,-,-,-,-,-
852,2014 Maruti Wagon R 1.0,"338,199","45,680 km",Petrol,Manual
853,-,-,-,-,-
854,-,-,-,-,-
855,-,-,-,-,-
856,2020 Maruti New Wagon-R,"509,199","6,879 km",Petrol,Manual
857,2020 KIA SELTOS,"1,159,099","5,822 km",Petrol,Manual
858,2017 Hyundai Creta,"1,177,199","52,753 km",Diesel,Automatic
859,-,-,-,-,-
860,-,-,-,-,-
861,-,-,-,-,-
862,-,-,-,-,-
863,-,-,-,-,-
864,2015 Maruti Swift Dzire,"578,399","38,769 km",Diesel,Manual
865,-,-,-,-,-
866,2014 Maruti Swift,"371,399","45,932 km",Petrol,Manual
867,2020 KIA SELTOS,"1,159,099","5,822 km",Petrol,Manual
868,-,-,-,-,-
869,2020 KIA SELTOS,"1,159,099","5,822 km",Petrol,Manual
870,-,-,-,-,-
871,-,-,-,-,-
872,2014 Maruti Wagon R 1.0,"338,199","45,680 km",Petrol,Manual
873,-,-,-,-,-
874,-,-,-,-,-
875,-,-,-,-,-
876,2020 Maruti New Wagon-R,"509,199","6,879 km",Petrol,Manual
877,2020 KIA SELTOS,"1,159,099","5,822 km",Petrol,Manual
878,2020 Hyundai Creta,"1,534,299","8,382 km",Petrol,Manual
879,-,-,-,-,-
880,-,-,-,-,-
881,-,-,-,-,-
882,-,-,-,-,-
883,-,-,-,-,-
884,2015 Maruti Swift Dzire,"578,399","38,769 km",Diesel,Manual
885,-,-,-,-,-
886,2016 Maruti Swift,"497,999","72,625 km",Petrol,Manual
887,2020 KIA SELTOS,"1,159,099","5,822 km",Petrol,Manual
888,-,-,-,-,-
889,2020 KIA SELTOS,"1,159,099","5,822 km",Petrol,Manual
890,-,-,-,-,-
891,-,-,-,-,-
892,2018 Maruti Wagon R 1.0,"414,899","31,829 km",Petrol,Manual
893,-,-,-,-,-
894,-,-,-,-,-
895,-,-,-,-,-
896,2020 Maruti New Wagon-R,"509,199","6,879 km",Petrol,Manual
897,2020 KIA SELTOS,"1,159,099","5,822 km",Petrol,Manual
898,2019 Hyundai Creta,"1,206,099","43,509 km",Petrol,
899,-,-,-,-,-
900,-,-,-,-,-
901,-,-,-,-,-
902,-,-,-,-,-
903,-,-,-,-,-
904,2015 Maruti Swift Dzire,"578,399","38,769 km",Diesel,Manual
905,-,-,-,-,-
906,2016 Maruti Swift,"497,999","72,625 km",Petrol,Manual
907,2020 KIA SELTOS,"1,159,099","5,822 km",Petrol,Manual
908,-,-,-,-,-
909,2020 KIA SELTOS,"1,159,099","5,822 km",Petrol,Manual
910,-,-,-,-,-
911,-,-,-,-,-
912,2018 Maruti Wagon R 1.0,"414,899","31,829 km",Petrol,Manual
913,-,-,-,-,-
914,-,-,-,-,-
915,-,-,-,-,-
916,2020 Maruti New Wagon-R,"509,199","6,879 km",Petrol,Manual
917,2020 KIA SELTOS,"1,159,099","5,822 km",Petrol,Manual
918,2020 Hyundai Creta,"1,534,299","8,382 km",Petrol,Manual
919,-,-,-,-,-
920,-,-,-,-,-
921,-,-,-,-,-
922,-,-,-,-,-
923,-,-,-,-,-
924,2015 Maruti Swift,"453,599","27,868 km",Diesel,Manual
925,-,-,-,-,-
926,2015 Maruti Swift,"464,999","26,749 km",Petrol,Manual
927,2020 KIA SELTOS,"1,159,099","5,822 km",Petrol,Manual
928,-,-,-,-,-
929,2020 KIA SELTOS,"1,159,099","5,822 km",Petrol,Manual
930,-,-,-,-,-
931,-,-,-,-,-
932,2014 Maruti Wagon R 1.0,"338,199","45,680 km",Petrol,Manual
933,-,-,-,-,-
934,-,-,-,-,-
935,-,-,-,-,-
936,2020 Maruti New Wagon-R,"509,199","6,879 km",Petrol,Manual
937,2020 KIA SELTOS,"1,159,099","5,822 km",Petrol,Manual
938,2019 Hyundai Creta,"1,206,099","43,509 km",Petrol,
939,-,-,-,-,-
940,-,-,-,-,-
941,-,-,-,-,-
942,-,-,-,-,-
943,-,-,-,-,-
944,2015 Maruti Swift,"453,599","27,868 km",Diesel,Manual
945,-,-,-,-,-
946,2014 Maruti Swift,"371,399","45,932 km",Petrol,Manual
947,2020 KIA SELTOS,"1,159,099","5,822 km",Petrol,Manual
948,-,-,-,-,-
949,2020 KIA SELTOS,"1,159,099","5,822 km",Petrol,Manual
950,-,-,-,-,-
951,-,-,-,-,-
952,2018 Maruti Wagon R 1.0,"414,899","31,829 km",Petrol,Manual
953,-,-,-,-,-
954,-,-,-,-,-
955,-,-,-,-,-
956,2020 Maruti New Wagon-R,"509,199","6,879 km",Petrol,Manual
957,2020 KIA SELTOS,"1,159,099","5,822 km",Petrol,Manual
958,2017 Hyundai Creta,"1,177,199","52,753 km",Diesel,Automatic
959,-,-,-,-,-
960,-,-,-,-,-
961,-,-,-,-,-
962,-,-,-,-,-
963,-,-,-,-,-
964,2015 Maruti Swift,"453,599","27,868 km",Diesel,Manual
965,-,-,-,-,-
966,2014 Maruti Swift,"371,399","45,932 km",Petrol,Manual
967,2020 KIA SELTOS,"1,159,099","5,822 km",Petrol,Manual
968,-,-,-,-,-
969,2020 KIA SELTOS,"1,159,099","5,822 km",Petrol,Manual
970,-,-,-,-,-
971,-,-,-,-,-
972,2014 Maruti Wagon R 1.0,"338,199","45,680 km",Petrol,Manual
973,-,-,-,-,-
974,-,-,-,-,-
975,-,-,-,-,-
976,2020 Maruti New Wagon-R,"509,199","6,879 km",Petrol,Manual
977,2020 KIA SELTOS,"1,159,099","5,822 km",Petrol,Manual
978,2018 Hyundai Creta,"1,154,099","71,967 km",Diesel,Manual
979,-,-,-,-,-
980,-,-,-,-,-
981,-,-,-,-,-
982,-,-,-,-,-
983,2017 Maruti Ertiga,"789,299","4,724 km",Petrol,Manual
984,2018 Maruti Baleno,"604,699","31,020 km",Petrol,Manual
985,2020 KIA SELTOS,"1,159,099","5,822 km",Petrol,Manual
986,-,-,-,-,-
987,-,-,-,-,-
988,-,-,-,-,-
989,-,-,-,-,-
990,2016 Maruti Baleno,"619,699","25,529 km",Petrol,Manual
991,-,-,-,-,-
992,-,-,-,-,-
993,-,-,-,-,-
994,2020 Maruti S PRESSO,"402,899","3,606 km",Petrol,Manual
995,2015 Hyundai Grand i10,"460,999","40,792 km",Petrol,Manual
996,-,-,-,-,-
997,-,-,-,-,-
998,2017 Maruti Vitara Brezza,"768,599","95,064 km",Diesel,Manual
999,2020 KIA SELTOS,"1,159,099","5,822 km",Petrol,Manual
1000,-,-,-,-,-
1001,-,-,-,-,-
1002,-,-,-,-,-
1003,-,-,-,-,-
1004,2015 Maruti Swift,"453,599","27,868 km",Diesel,Manual
1005,-,-,-,-,-
1006,2014 Maruti Swift,"371,399","45,932 km",Petrol,Manual
1007,2020 KIA SELTOS,"1,159,099","5,822 km",Petrol,Manual
1008,-,-,-,-,-
1009,2020 KIA SELTOS,"1,159,099","5,822 km",Petrol,Manual
1010,-,-,-,-,-
1011,-,-,-,-,-
1012,2018 Maruti Wagon R 1.0,"414,899","31,829 km",Petrol,Manual
1013,-,-,-,-,-
1014,-,-,-,-,-
1015,-,-,-,-,-
1016,2020 Maruti New Wagon-R,"509,199","6,879 km",Petrol,Manual
1017,2020 KIA SELTOS,"1,159,099","5,822 km",Petrol,Manual
1018,2018 Hyundai Creta,"1,154,099","71,967 km",Diesel,Manual
1019,-,-,-,-,-
1020,-,-,-,-,-
1021,-,-,-,-,-
1022,-,-,-,-,-
1023,2017 Maruti Ertiga,"854,899","62,533 km",Diesel,Manual
1024,2018 Maruti Baleno,"604,699","31,020 km",Petrol,Manual
1025,2020 KIA SELTOS,"1,159,099","5,822 km",Petrol,Manual
1026,-,-,-,-,-
1027,-,-,-,-,-
1028,-,-,-,-,-
1029,-,-,-,-,-
1030,2017 Maruti Baleno,"615,799","44,532 km",Petrol,Manual
1031,-,-,-,-,-
1032,-,-,-,-,-
1033,-,-,-,-,-
1034,2020 Maruti S PRESSO,"402,899","3,606 km",Petrol,Manual
1035,2016 Hyundai Grand i10,"475,599","5,214 km",Petrol,Manual
1036,-,-,-,-,-
1037,-,-,-,-,-
1038,2017 Maruti Vitara Brezza,"768,599","95,064 km",Diesel,Manual
1039,2020 KIA SELTOS,"1,159,099","5,822 km",Petrol,Manual
1040,-,-,-,-,-
1041,-,-,-,-,-
1042,-,-,-,-,-
1043,-,-,-,-,-
1044,2015 Maruti Swift,"453,599","27,868 km",Diesel,Manual
1045,-,-,-,-,-
1046,2016 Maruti Swift,"497,999","72,625 km",Petrol,Manual
1047,2020 KIA SELTOS,"1,159,099","5,822 km",Petrol,Manual
1048,-,-,-,-,-
1049,2020 KIA SELTOS,"1,159,099","5,822 km",Petrol,Manual
1050,-,-,-,-,-
1051,-,-,-,-,-
1052,2018 Maruti Wagon R 1.0,"414,899","31,829 km",Petrol,Manual
1053,-,-,-,-,-
1054,-,-,-,-,-
1055,-,-,-,-,-
1056,2020 Maruti New Wagon-R,"509,199","6,879 km",Petrol,Manual
1057,2020 KIA SELTOS,"1,159,099","5,822 km",Petrol,Manual
1058,2017 Hyundai Creta,"1,177,199","52,753 km",Diesel,Automatic
1059,-,-,-,-,-
1060,-,-,-,-,-
1061,-,-,-,-,-
1062,-,-,-,-,-
1063,2016 Maruti Ertiga,"768,899","45,759 km",Diesel,Manual
1064,2018 Maruti Baleno,"604,699","31,020 km",Petrol,Manual
1065,2020 KIA SELTOS,"1,159,099","5,822 km",Petrol,Manual
1066,-,-,-,-,-
1067,-,-,-,-,-
1068,-,-,-,-,-
1069,-,-,-,-,-
1070,2016 Maruti Baleno,"619,699","25,529 km",Petrol,Manual
1071,-,-,-,-,-
1072,-,-,-,-,-
1073,-,-,-,-,-
1074,2020 Maruti S PRESSO,"402,899","3,606 km",Petrol,Manual
1075,2017 Hyundai Grand i10,"478,999","78,139 km",Petrol,Manual
1076,-,-,-,-,-
1077,-,-,-,-,-
1078,2018 Maruti Vitara Brezza,"771,299","38,872 km",Diesel,Manual
1079,2020 KIA SELTOS,"1,159,099","5,822 km",Petrol,Manual
1080,-,-,-,-,-
1081,-,-,-,-,-
1082,-,-,-,-,-
1083,-,-,-,-,-
1084,2015 Maruti Swift,"453,599","27,868 km",Diesel,Manual
1085,-,-,-,-,-
1086,2016 Maruti Swift,"497,999","72,625 km",Petrol,Manual
1087,2020 KIA SELTOS,"1,159,099","5,822 km",Petrol,Manual
1088,-,-,-,-,-
1089,2020 KIA SELTOS,"1,159,099","5,822 km",Petrol,Manual
1090,-,-,-,-,-
1091,-,-,-,-,-
1092,2018 Maruti Wagon R 1.0,"414,899","31,829 km",Petrol,Manual
1093,-,-,-,-,-
1094,-,-,-,-,-
1095,-,-,-,-,-
1096,2020 Maruti New Wagon-R,"509,199","6,879 km",Petrol,Manual
1097,2020 KIA SELTOS,"1,159,099","5,822 km",Petrol,Manual
1098,2017 Hyundai Creta,"1,177,199","52,753 km",Diesel,Automatic
1099,-,-,-,-,-
1100,-,-,-,-,-
1101,-,-,-,-,-
1102,-,-,-,-,-
1103,2016 Maruti Ertiga,"768,899","45,759 km",Diesel,Manual
1104,2018 Maruti Baleno,"604,699","31,020 km",Petrol,Manual
1105,2020 KIA SELTOS,"1,159,099","5,822 km",Petrol,Manual
1106,-,-,-,-,-
1107,-,-,-,-,-
1108,-,-,-,-,-
1109,-,-,-,-,-
1110,2016 Maruti Baleno,"619,699","25,529 km",Petrol,Manual
1111,-,-,-,-,-
1112,-,-,-,-,-
1113,-,-,-,-,-
1114,2020 Maruti S PRESSO,"428,299","25,867 km",Petrol,Manual
1115,2015 Hyundai Grand i10,"460,999","40,792 km",Petrol,Manual
1116,-,-,-,-,-
1117,-,-,-,-,-
1118,2017 Maruti Vitara Brezza,"768,599","95,064 km",Diesel,Manual
1119,2020 KIA SELTOS,"1,159,099","5,822 km",Petrol,Manual
1120,-,-,-,-,-
1121,-,-,-,-,-
1122,-,-,-,-,-
1123,-,-,-,-,-
1124,2015 Maruti Swift,"453,599","27,868 km",Diesel,Manual
1125,-,-,-,-,-
1126,2015 Maruti Swift,"464,999","26,749 km",Petrol,Manual
1127,2020 KIA SELTOS,"1,159,099","5,822 km",Petrol,Manual
1128,-,-,-,-,-
1129,2020 KIA SELTOS,"1,159,099","5,822 km",Petrol,Manual
1130,-,-,-,-,-
1131,-,-,-,-,-
1132,2014 Maruti Wagon R 1.0,"338,199","45,680 km",Petrol,Manual
1133,-,-,-,-,-
1134,-,-,-,-,-
1135,-,-,-,-,-
1136,2020 Maruti New Wagon-R,"509,199","6,879 km",Petrol,Manual
1137,2020 KIA SELTOS,"1,159,099","5,822 km",Petrol,Manual
1138,2017 Hyundai Creta,"1,177,199","52,753 km",Diesel,Automatic
1139,-,-,-,-,-
1140,-,-,-,-,-
1141,-,-,-,-,-
1142,-,-,-,-,-
1143,2017 Maruti Ertiga,"693,399","69,917 km",Diesel,Manual
1144,2018 Maruti Baleno,"604,699","31,020 km",Petrol,Manual
1145,2020 KIA SELTOS,"1,159,099","5,822 km",Petrol,Manual
1146,-,-,-,-,-
1147,-,-,-,-,-
1148,-,-,-,-,-
1149,-,-,-,-,-
1150,2017 Maruti Baleno,"615,799","44,532 km",Petrol,Manual
1151,-,-,-,-,-
1152,-,-,-,-,-
1153,-,-,-,-,-
1154,2020 Maruti S PRESSO,"428,299","25,867 km",Petrol,Manual
1155,2017 Hyundai Grand i10,"478,999","78,139 km",Petrol,Manual
1156,-,-,-,-,-
1157,-,-,-,-,-
1158,2017 Maruti Vitara Brezza,"768,599","95,064 km",Diesel,Manual
1159,2020 KIA SELTOS,"1,159,099","5,822 km",Petrol,Manual
1160,-,-,-,-,-
1161,-,-,-,-,-
1162,-,-,-,-,-
1163,-,-,-,-,-
1164,2015 Maruti Swift,"453,599","27,868 km",Diesel,Manual
1165,-,-,-,-,-
1166,2014 Maruti Swift,"371,399","45,932 km",Petrol,Manual
1167,2020 KIA SELTOS,"1,159,099","5,822 km",Petrol,Manual
1168,-,-,-,-,-
1169,2020 KIA SELTOS,"1,159,099","5,822 km",Petrol,Manual
1170,-,-,-,-,-
1171,-,-,-,-,-
1172,2014 Maruti Wagon R 1.0,"338,199","45,680 km",Petrol,Manual
1173,-,-,-,-,-
1174,-,-,-,-,-
1175,-,-,-,-,-
1176,2020 Maruti New Wagon-R,"509,199","6,879 km",Petrol,Manual
1177,2020 KIA SELTOS,"1,159,099","5,822 km",Petrol,Manual
1178,2018 Hyundai Creta,"1,154,099","71,967 km",Diesel,Manual
1179,-,-,-,-,-
1180,-,-,-,-,-
1181,-,-,-,-,-
1182,-,-,-,-,-
1183,2016 Maruti Ertiga,"768,899","45,759 km",Diesel,Manual
1184,2017 Maruti Baleno,"556,999","44,103 km",Petrol,Manual
1185,2020 KIA SELTOS,"1,159,099","5,822 km",Petrol,Manual
1186,-,-,-,-,-
1187,-,-,-,-,-
1188,-,-,-,-,-
1189,-,-,-,-,-
1190,2016 Maruti Baleno,"619,699","25,529 km",Petrol,Manual
1191,-,-,-,-,-
1192,-,-,-,-,-
1193,-,-,-,-,-
1194,2020 Maruti S PRESSO,"428,299","25,867 km",Petrol,Manual
1195,2017 Hyundai Grand i10,"478,999","78,139 km",Petrol,Manual
1196,-,-,-,-,-
1197,-,-,-,-,-
1198,2018 Maruti Vitara Brezza,"771,299","38,872 km",Diesel,Manual
1199,2020 KIA SELTOS,"1,159,099","5,822 km",Petrol,Manual
1200,-,-,-,-,-
1201,-,-,-,-,-
1202,-,-,-,-,-
1203,-,-,-,-,-
1204,2015 Maruti Swift,"476,599","60,507 km",Diesel,Manual
1205,-,-,-,-,-
1206,2014 Maruti Swift,"371,399","45,932 km",Petrol,Manual
1207,2020 KIA SELTOS,"1,159,099","5,822 km",Petrol,Manual
1208,-,-,-,-,-
1209,2020 KIA SELTOS,"1,159,099","5,822 km",Petrol,Manual
1210,-,-,-,-,-
1211,-,-,-,-,-
1212,2018 Maruti Wagon R 1.0,"414,899","31,829 km",Petrol,Manual
1213,-,-,-,-,-
1214,-,-,-,-,-
1215,-,-,-,-,-
1216,2020 Maruti New Wagon-R,"509,199","6,879 km",Petrol,Manual
1217,2020 KIA SELTOS,"1,159,099","5,822 km",Petrol,Manual
1218,2018 Hyundai Creta,"1,154,099","71,967 km",Diesel,Manual
1219,-,-,-,-,-
1220,-,-,-,-,-
1221,-,-,-,-,-
1222,-,-,-,-,-
1223,2017 Maruti Ertiga,"789,299","4,724 km",Petrol,Manual
1224,2018 Maruti Baleno,"604,699","31,020 km",Petrol,Manual
1225,2020 KIA SELTOS,"1,159,099","5,822 km",Petrol,Manual
1226,-,-,-,-,-
1227,-,-,-,-,-
1228,-,-,-,-,-
1229,-,-,-,-,-
1230,2016 Maruti Baleno,"619,699","25,529 km",Petrol,Manual
1231,-,-,-,-,-
1232,-,-,-,-,-
1233,-,-,-,-,-
1234,2020 Maruti S PRESSO,"402,899","3,606 km",Petrol,Manual
1235,2017 Hyundai Grand i10,"478,999","78,139 km",Petrol,Manual
1236,-,-,-,-,-
1237,-,-,-,-,-
1238,2017 Maruti Vitara Brezza,"768,599","95,064 km",Diesel,Manual
1239,2020 KIA SELTOS,"1,159,099","5,822 km",Petrol,Manual
1240,-,-,-,-,-
1241,-,-,-,-,-
1242,-,-,-,-,-
1243,-,-,-,-,-
1244,2015 Maruti Swift Dzire,"578,399","38,769 km",Diesel,Manual
1245,-,-,-,-,-
1246,2014 Maruti Swift,"371,399","45,932 km",Petrol,Manual
1247,2020 KIA SELTOS,"1,159,099","5,822 km",Petrol,Manual
1248,-,-,-,-,-
1249,2020 KIA SELTOS,"1,159,099","5,822 km",Petrol,Manual
1250,-,-,-,-,-
1251,-,-,-,-,-
1252,2018 Maruti Wagon R 1.0,"414,899","31,829 km",Petrol,Manual
1253,-,-,-,-,-
1254,-,-,-,-,-
1255,-,-,-,-,-
1256,2020 Maruti New Wagon-R,"509,199","6,879 km",Petrol,Manual
1257,2020 KIA SELTOS,"1,159,099","5,822 km",Petrol,Manual
1258,2018 Hyundai Creta,"1,154,099","71,967 km",Diesel,Manual
1259,-,-,-,-,-
1260,-,-,-,-,-
1261,-,-,-,-,-
1262,-,-,-,-,-
1263,2016 Maruti Ertiga,"768,899","45,759 km",Diesel,Manual
1264,2018 Maruti Baleno,"604,699","31,020 km",Petrol,Manual
1265,2020 KIA SELTOS,"1,159,099","5,822 km",Petrol,Manual
1266,-,-,-,-,-
1267,-,-,-,-,-
1268,-,-,-,-,-
1269,-,-,-,-,-
1270,2016 Maruti Baleno,"619,699","25,529 km",Petrol,Manual
1271,-,-,-,-,-
1272,-,-,-,-,-
1273,-,-,-,-,-
1274,2020 Maruti S PRESSO,"402,899","3,606 km",Petrol,Manual
1275,2017 Hyundai Grand i10,"478,999","78,139 km",Petrol,Manual
1276,-,-,-,-,-
1277,-,-,-,-,-
1278,2018 Maruti Vitara Brezza,"771,299","38,872 km",Diesel,Manual
1279,2020 KIA SELTOS,"1,159,099","5,822 km",Petrol,Manual
1280,-,-,-,-,-
1281,-,-,-,-,-
1282,-,-,-,-,-
1283,-,-,-,-,-
1284,2015 Maruti Swift Dzire,"578,399","38,769 km",Diesel,Manual
1285,-,-,-,-,-
1286,2014 Maruti Swift,"371,399","45,932 km",Petrol,Manual
1287,2020 KIA SELTOS,"1,159,099","5,822 km",Petrol,Manual
1288,-,-,-,-,-
1289,2020 KIA SELTOS,"1,159,099","5,822 km",Petrol,Manual
1290,-,-,-,-,-
1291,-,-,-,-,-
1292,2018 Maruti Wagon R 1.0,"414,899","31,829 km",Petrol,Manual
1293,-,-,-,-,-
1294,-,-,-,-,-
1295,-,-,-,-,-
1296,2020 Maruti New Wagon-R,"509,199","6,879 km",Petrol,Manual
1297,2020 KIA SELTOS,"1,159,099","5,822 km",Petrol,Manual
1298,2017 Hyundai Creta,"1,177,199","52,753 km",Diesel,Automatic
1299,-,-,-,-,-
1300,-,-,-,-,-
1301,-,-,-,-,-
1302,-,-,-,-,-
1303,2016 Maruti Ertiga,"768,899","45,759 km",Diesel,Manual
1304,2017 Maruti Baleno,"556,999","44,103 km",Petrol,Manual
1305,2020 KIA SELTOS,"1,159,099","5,822 km",Petrol,Manual
1306,-,-,-,-,-
1307,-,-,-,-,-
1308,-,-,-,-,-
1309,-,-,-,-,-
1310,2017 Maruti Baleno,"615,799","44,532 km",Petrol,Manual
1311,-,-,-,-,-
1312,-,-,-,-,-
1313,-,-,-,-,-
1314,2020 Maruti S PRESSO,"402,899","3,606 km",Petrol,Manual
1315,2017 Hyundai Grand i10,"478,999","78,139 km",Petrol,Manual
1316,-,-,-,-,-
1317,-,-,-,-,-
1318,2017 Maruti Vitara Brezza,"768,599","95,064 km",Diesel,Manual
1319,2020 KIA SELTOS,"1,159,099","5,822 km",Petrol,Manual
1320,-,-,-,-,-
1321,-,-,-,-,-
1322,-,-,-,-,-
1323,-,-,-,-,-
1324,2015 Maruti Swift Dzire,"578,399","38,769 km",Diesel,Manual
1325,-,-,-,-,-
1326,2015 Maruti Swift,"464,999","26,749 km",Petrol,Manual
1327,2020 KIA SELTOS,"1,159,099","5,822 km",Petrol,Manual
1328,-,-,-,-,-
1329,2020 KIA SELTOS,"1,159,099","5,822 km",Petrol,Manual
1330,-,-,-,-,-
1331,-,-,-,-,-
1332,2018 Maruti Wagon R 1.0,"414,899","31,829 km",Petrol,Manual
1333,-,-,-,-,-
1334,-,-,-,-,-
1335,-,-,-,-,-
1336,2020 Maruti New Wagon-R,"509,199","6,879 km",Petrol,Manual
1337,2020 KIA SELTOS,"1,159,099","5,822 km",Petrol,Manual
1338,2017 Hyundai Creta,"1,177,199","52,753 km",Diesel,Automatic
1339,-,-,-,-,-
1340,-,-,-,-,-
1341,-,-,-,-,-
1342,-,-,-,-,-
1343,2017 Maruti Ertiga,"854,899","62,533 km",Diesel,Manual
1344,2018 Maruti Baleno,"604,699","31,020 km",Petrol,Manual
1345,2020 KIA SELTOS,"1,159,099","5,822 km",Petrol,Manual
1346,-,-,-,-,-
1347,-,-,-,-,-
1348,-,-,-,-,-
1349,-,-,-,-,-
1350,2016 Maruti Baleno,"619,699","25,529 km",Petrol,Manual
1351,-,-,-,-,-
1352,-,-,-,-,-
1353,-,-,-,-,-
1354,2020 Maruti S PRESSO,"428,299","25,867 km",Petrol,Manual
1355,2017 Hyundai Grand i10,"478,999","78,139 km",Petrol,Manual
1356,-,-,-,-,-
1357,-,-,-,-,-
1358,2017 Maruti Vitara Brezza,"768,599","95,064 km",Diesel,Manual
1359,2020 KIA SELTOS,"1,159,099","5,822 km",Petrol,Manual
1360,-,-,-,-,-
1361,-,-,-,-,-
1362,-,-,-,-,-
1363,-,-,-,-,-
1364,2015 Maruti Swift,"453,599","27,868 km",Diesel,Manual
1365,-,-,-,-,-
1366,2014 Maruti Swift,"371,399","45,932 km",Petrol,Manual
1367,2020 KIA SELTOS,"1,159,099","5,822 km",Petrol,Manual
1368,-,-,-,-,-
1369,2020 KIA SELTOS,"1,159,099","5,822 km",Petrol,Manual
1370,-,-,-,-,-
1371,-,-,-,-,-
1372,2018 Maruti Wagon R 1.0,"414,899","31,829 km",Petrol,Manual
1373,-,-,-,-,-
1374,-,-,-,-,-
1375,-,-,-,-,-
1376,2020 Maruti New Wagon-R,"509,199","6,879 km",Petrol,Manual
1377,2020 KIA SELTOS,"1,159,099","5,822 km",Petrol,Manual
1378,2017 Hyundai Creta,"1,177,199","52,753 km",Diesel,Automatic
1379,-,-,-,-,-
1380,-,-,-,-,-
1381,-,-,-,-,-
1382,-,-,-,-,-
1383,2017 Maruti Ertiga,"789,299","4,724 km",Petrol,Manual
1384,2017 Maruti Baleno,"556,999","44,103 km",Petrol,Manual
1385,2020 KIA SELTOS,"1,159,099","5,822 km",Petrol,Manual
1386,-,-,-,-,-
1387,-,-,-,-,-
1388,-,-,-,-,-
1389,-,-,-,-,-
1390,2016 Maruti Baleno,"619,699","25,529 km",Petrol,Manual
1391,-,-,-,-,-
1392,-,-,-,-,-
1393,-,-,-,-,-
1394,2020 Maruti S PRESSO,"428,299","25,867 km",Petrol,Manual
1395,2015 Hyundai Grand i10,"460,999","40,792 km",Petrol,Manual
1396,-,-,-,-,-
1397,-,-,-,-,-
1398,2017 Maruti Vitara Brezza,"768,599","95,064 km",Diesel,Manual
1399,2020 KIA SELTOS,"1,159,099","5,822 km",Petrol,Manual
1400,-,-,-,-,-
1401,-,-,-,-,-
1402,-,-,-,-,-
1403,-,-,-,-,-
1404,2015 Maruti Swift,"476,599","60,507 km",Diesel,Manual
1405,-,-,-,-,-
1406,2014 Maruti Swift,"371,399","45,932 km",Petrol,Manual
1407,2020 KIA SELTOS,"1,159,099","5,822 km",Petrol,Manual
1408,-,-,-,-,-
1409,2020 KIA SELTOS,"1,159,099","5,822 km",Petrol,Manual
1410,-,-,-,-,-
1411,-,-,-,-,-
1412,2014 Maruti Wagon R 1.0,"338,199","45,680 km",Petrol,Manual
1413,-,-,-,-,-
1414,-,-,-,-,-
1415,-,-,-,-,-
1416,2020 Maruti New Wagon-R,"509,199","6,879 km",Petrol,Manual
1417,2020 KIA SELTOS,"1,159,099","5,822 km",Petrol,Manual
1418,2020 Hyundai Creta,"1,534,299","8,382 km",Petrol,Manual
1419,-,-,-,-,-
1420,-,-,-,-,-
1421,-,-,-,-,-
1422,-,-,-,-,-
1423,2017 Maruti Ertiga,"789,299","4,724 km",Petrol,Manual
1424,2018 Maruti Baleno,"604,699","31,020 km",Petrol,Manual
1425,2020 KIA SELTOS,"1,159,099","5,822 km",Petrol,Manual
1426,-,-,-,-,-
1427,-,-,-,-,-
1428,-,-,-,-,-
1429,-,-,-,-,-
1430,2016 Maruti Baleno,"619,699","25,529 km",Petrol,Manual
1431,-,-,-,-,-
1432,-,-,-,-,-
1433,-,-,-,-,-
1434,2020 Maruti S PRESSO,"402,899","3,606 km",Petrol,Manual
1435,2017 Hyundai Grand i10,"478,999","78,139 km",Petrol,Manual
1436,-,-,-,-,-
1437,-,-,-,-,-
1438,2018 Maruti Vitara Brezza,"771,299","38,872 km",Diesel,Manual
1439,2020 KIA SELTOS,"1,159,099","5,822 km",Petrol,Manual
1440,-,-,-,-,-
1441,-,-,-,-,-
1442,-,-,-,-,-
1443,-,-,-,-,-
1444,2015 Maruti Swift,"453,599","27,868 km",Diesel,Manual
1445,-,-,-,-,-
1446,2014 Maruti Swift,"371,399","45,932 km",Petrol,Manual
1447,2020 KIA SELTOS,"1,159,099","5,822 km",Petrol,Manual
1448,-,-,-,-,-
1449,2020 KIA SELTOS,"1,159,099","5,822 km",Petrol,Manual
1450,-,-,-,-,-
1451,-,-,-,-,-
1452,2018 Maruti Wagon R 1.0,"414,899","31,829 km",Petrol,Manual
1453,-,-,-,-,-
1454,-,-,-,-,-
1455,-,-,-,-,-
1456,2020 Maruti New Wagon-R,"509,199","6,879 km",Petrol,Manual
1457,2020 KIA SELTOS,"1,159,099","5,822 km",Petrol,Manual
1458,2018 Hyundai Creta,"1,154,099","71,967 km",Diesel,Manual
1459,-,-,-,-,-
1460,-,-,-,-,-
1461,-,-,-,-,-
1462,-,-,-,-,-
1463,2017 Maruti Ertiga,"693,399","69,917 km",Diesel,Manual
1464,2018 Maruti Baleno,"604,699","31,020 km",Petrol,Manual
1465,2020 KIA SELTOS,"1,159,099","5,822 km",Petrol,Manual
1466,-,-,-,-,-
1467,-,-,-,-,-
1468,-,-,-,-,-
1469,-,-,-,-,-
1470,2016 Maruti Baleno,"619,699","25,529 km",Petrol,Manual
1471,-,-,-,-,-
1472,-,-,-,-,-
1473,-,-,-,-,-
1474,2020 Maruti S PRESSO,"402,899","3,606 km",Petrol,Manual
1475,2016 Hyundai Grand i10,"475,599","5,214 km",Petrol,Manual
1476,-,-,-,-,-
1477,-,-,-,-,-
1478,2017 Maruti Vitara Brezza,"768,599","95,064 km",Diesel,Manual
1479,2020 KIA SELTOS,"1,159,099","5,822 km",Petrol,Manual
1480,-,-,-,-,-
1481,-,-,-,-,-
1482,-,-,-,-,-
1483,-,-,-,-,-
1484,2015 Maruti Swift,"453,599","27,868 km",Diesel,Manual
1485,-,-,-,-,-
1486,2014 Maruti Swift,"371,399","45,932 km",Petrol,Manual
1487,2020 KIA SELTOS,"1,159,099","5,822 km",Petrol,Manual
1488,-,-,-,-,-
1489,2020 KIA SELTOS,"1,159,099","5,822 km",Petrol,Manual
1490,-,-,-,-,-
1491,-,-,-,-,-
1492,2018 Maruti Wagon R 1.0,"414,899","31,829 km",Petrol,Manual
1493,-,-,-,-,-
1494,-,-,-,-,-
1495,-,-,-,-,-
1496,2020 Maruti New Wagon-R,"509,199","6,879 km",Petrol,Manual
1497,2020 KIA SELTOS,"1,159,099","5,822 km",Petrol,Manual
1498,2017 Hyundai Creta,"1,212,499","79,362 km",Diesel,Automatic
1499,-,-,-,-,-
1500,-,-,-,-,-
1501,-,-,-,-,-
1502,-,-,-,-,-
1503,2017 Maruti Ertiga,"708,899","36,002 km",Diesel,Manual
1504,2016 Maruti Baleno,"495,199","97,279 km",Petrol,Manual
1505,2020 KIA SELTOS,"1,159,099","5,822 km",Petrol,Manual
1506,-,-,-,-,-
1507,-,-,-,-,-
1508,-,-,-,-,-
1509,-,-,-,-,-
1510,2019 Maruti Baleno,"596,499","27,884 km",Petrol,Manual
1511,-,-,-,-,-
1512,-,-,-,-,-
1513,-,-,-,-,-
1514,2020 Maruti S PRESSO,"402,899","3,606 km",Petrol,Manual
1515,2014 Hyundai Grand i10,"401,099","73,621 km",Petrol,Manual
1516,-,-,-,-,-
1517,-,-,-,-,-
1518,2017 Maruti Vitara Brezza,"768,599","95,064 km",Diesel,Manual
1519,2020 KIA SELTOS,"1,159,099","5,822 km",Petrol,Manual
1520,-,-,-,-,-
1521,-,-,-,-,-
1522,-,-,-,-,-
1523,-,-,-,-,-
1524,2016 Maruti Swift Dzire,"525,299","80,593 km",Diesel,Manual
1525,-,-,-,-,-
1526,2014 Maruti Swift,"468,599","84,718 km",Diesel,Manual
1527,2020 KIA SELTOS,"1,159,099","5,822 km",Petrol,Manual
1528,-,-,-,-,-
1529,2020 KIA SELTOS,"1,159,099","5,822 km",Petrol,Manual
1530,-,-,-,-,-
1531,-,-,-,-,-
1532,2016 Maruti Wagon R 1.0,"351,899","81,832 km",Petrol,Manual
1533,-,-,-,-,-
1534,-,-,-,-,-
1535,-,-,-,-,-
1536,2020 Maruti New Wagon-R,"509,199","6,879 km",Petrol,Manual
1537,2020 KIA SELTOS,"1,159,099","5,822 km",Petrol,Manual
1538,2020 Hyundai Creta,"1,556,699","8,382 km",Petrol,Manual
1539,-,-,-,-,-
1540,-,-,-,-,-
1541,-,-,-,-,-
1542,-,-,-,-,-
1543,2016 Maruti Ertiga,"768,899","45,759 km",Diesel,Manual
1544,2017 Maruti Baleno,"527,699","41,383 km",Petrol,Manual
1545,2020 KIA SELTOS,"1,159,099","5,822 km",Petrol,Manual
1546,-,-,-,-,-
1547,-,-,-,-,-
1548,-,-,-,-,-
1549,-,-,-,-,-
1550,2018 Maruti Baleno,"592,299","22,287 km",Petrol,Manual
1551,-,-,-,-,-
1552,-,-,-,-,-
1553,-,-,-,-,-
1554,2020 Maruti S PRESSO,"428,299","25,867 km",Petrol,Manual
1555,2014 Hyundai Grand i10,"401,099","73,621 km",Petrol,Manual
1556,-,-,-,-,-
1557,-,-,-,-,-
1558,2016 Maruti Vitara Brezza,"666,199","73,701 km",Diesel,Manual
1559,2020 KIA SELTOS,"1,159,099","5,822 km",Petrol,Manual
1560,-,-,-,-,-
1561,-,-,-,-,-
1562,-,-,-,-,-
1563,-,-,-,-,-
1564,2015 Maruti Swift Dzire,"578,399","38,769 km",Diesel,Manual
1565,-,-,-,-,-
1566,2013 Maruti Swift,"354,799","76,608 km",Diesel,Manual
1567,2020 KIA SELTOS,"1,159,099","5,822 km",Petrol,Manual
1568,-,-,-,-,-
1569,2020 KIA SELTOS,"1,159,099","5,822 km",Petrol,Manual
1570,-,-,-,-,-
1571,-,-,-,-,-
1572,2016 Maruti Wagon R 1.0,"361,299","54,511 km",Petrol,Manual
1573,-,-,-,-,-
1574,-,-,-,-,-
1575,-,-,-,-,-
1576,2020 Maruti New Wagon-R,"509,199","6,879 km",Petrol,Manual
1577,2020 KIA SELTOS,"1,159,099","5,822 km",Petrol,Manual
1578,2018 Hyundai Creta,"1,154,099","71,967 km",Diesel,Manual
1579,-,-,-,-,-
1580,-,-,-,-,-
1581,-,-,-,-,-
1582,-,-,-,-,-
1583,2016 Maruti Ertiga,"768,899","45,759 km",Diesel,Manual
1584,2017 Maruti Baleno,"537,599","60,422 km",Diesel,Manual
1585,2020 KIA SELTOS,"1,159,099","5,822 km",Petrol,Manual
1586,-,-,-,-,-
1587,-,-,-,-,-
1588,-,-,-,-,-
1589,-,-,-,-,-
1590,2020 Maruti Baleno,"631,999","7,237 km",Petrol,Manual
1591,-,-,-,-,-
1592,-,-,-,-,-
1593,-,-,-,-,-
1594,2019 Maruti S PRESSO,"403,499","18,436 km",Petrol,Manual
1595,2016 Hyundai Grand i10,"467,699","31,884 km",Petrol,Manual
1596,-,-,-,-,-
1597,-,-,-,-,-
1598,2016 Maruti Vitara Brezza,"666,199","73,701 km",Diesel,Manual
1599,2020 KIA SELTOS,"1,159,099","5,822 km",Petrol,Manual
1600,-,-,-,-,-
1601,-,-,-,-,-
1602,-,-,-,-,-
1603,-,-,-,-,-
1604,2015 Maruti Swift Dzire,"578,399","38,769 km",Diesel,Manual
1605,-,-,-,-,-
1606,2014 Maruti Swift,"370,399","61,013 km",Diesel,Manual
1607,2020 KIA SELTOS,"1,159,099","5,822 km",Petrol,Manual
1608,-,-,-,-,-
1609,2020 KIA SELTOS,"1,159,099","5,822 km",Petrol,Manual
1610,-,-,-,-,-
1611,-,-,-,-,-
1612,2018 Maruti Wagon R 1.0,"414,899","31,829 km",Petrol,Manual
1613,-,-,-,-,-
1614,-,-,-,-,-
1615,-,-,-,-,-
1616,2020 Maruti New Wagon-R,"509,199","6,879 km",Petrol,Manual
1617,2020 KIA SELTOS,"1,159,099","5,822 km",Petrol,Manual
1618,2020 Hyundai Creta,"1,556,699","8,382 km",Petrol,Manual
1619,-,-,-,-,-
1620,-,-,-,-,-
1621,-,-,-,-,-
1622,-,-,-,-,-
1623,2016 Maruti Ertiga,"774,199","99,644 km",Diesel,Manual
1624,2017 Maruti Baleno,"527,699","41,383 km",Petrol,Manual
1625,2020 KIA SELTOS,"1,159,099","5,822 km",Petrol,Manual
1626,-,-,-,-,-
1627,-,-,-,-,-
1628,-,-,-,-,-
1629,-,-,-,-,-
1630,2018 Maruti Baleno,"592,299","22,287 km",Petrol,Manual
1631,-,-,-,-,-
1632,-,-,-,-,-
1633,-,-,-,-,-
1634,2020 Maruti S PRESSO,"428,299","25,867 km",Petrol,Manual
1635,2015 Hyundai Grand i10,"460,999","40,792 km",Petrol,Manual
1636,-,-,-,-,-
1637,-,-,-,-,-
1638,2016 Maruti Vitara Brezza,"666,199","73,701 km",Diesel,Manual
1639,2020 KIA SELTOS,"1,159,099","5,822 km",Petrol,Manual
1640,-,-,-,-,-
1641,-,-,-,-,-
1642,-,-,-,-,-
1643,-,-,-,-,-
1644,2015 Maruti Swift,"462,899","63,600 km",Diesel,Manual
1645,-,-,-,-,-
1646,2013 Maruti Swift,"354,799","76,608 km",Diesel,Manual
1647,2020 KIA SELTOS,"1,159,099","5,822 km",Petrol,Manual
1648,-,-,-,-,-
1649,2020 KIA SELTOS,"1,159,099","5,822 km",Petrol,Manual
1650,-,-,-,-,-
1651,-,-,-,-,-
1652,2016 Maruti Wagon R 1.0,"351,899","81,832 km",Petrol,Manual
1653,-,-,-,-,-
1654,-,-,-,-,-
1655,-,-,-,-,-
1656,2020 Maruti New Wagon-R,"509,199","6,879 km",Petrol,Manual
1657,2020 KIA SELTOS,"1,159,099","5,822 km",Petrol,Manual
1658,2018 Hyundai Creta,"1,154,099","71,967 km",Diesel,Manual
1659,-,-,-,-,-
1660,-,-,-,-,-
1661,-,-,-,-,-
1662,-,-,-,-,-
1663,2016 Maruti Ertiga,"768,899","45,759 km",Diesel,Manual
1664,2017 Maruti Baleno,"527,699","41,383 km",Petrol,Manual
1665,2020 KIA SELTOS,"1,159,099","5,822 km",Petrol,Manual
1666,-,-,-,-,-
1667,-,-,-,-,-
1668,-,-,-,-,-
1669,-,-,-,-,-
1670,2018 Maruti Baleno,"592,299","22,287 km",Petrol,Manual
1671,-,-,-,-,-
1672,-,-,-,-,-
1673,-,-,-,-,-
1674,2020 Maruti S PRESSO,"428,299","25,867 km",Petrol,Manual
1675,2016 Hyundai Grand i10,"467,699","31,884 km",Petrol,Manual
1676,-,-,-,-,-
1677,-,-,-,-,-
1678,2016 Maruti Vitara Brezza,"666,199","73,701 km",Diesel,Manual
1679,2020 KIA SELTOS,"1,159,099","5,822 km",Petrol,Manual
1680,-,-,-,-,-
1681,-,-,-,-,-
1682,-,-,-,-,-
1683,-,-,-,-,-
1684,2015 Maruti Swift Dzire,"578,399","38,769 km",Diesel,Manual
1685,-,-,-,-,-
1686,2013 Maruti Swift,"354,799","76,608 km",Diesel,Manual
1687,2014 Nissan Terrano,"447,599","53,750 km",Diesel,Manual
1688,-,-,-,-,-
1689,2014 Nissan Terrano,"447,599","53,750 km",Diesel,Manual
1690,-,-,-,-,-
1691,-,-,-,-,-
1692,2016 Maruti Wagon R 1.0,"351,899","81,832 km",Petrol,Manual
1693,-,-,-,-,-
1694,-,-,-,-,-
1695,-,-,-,-,-
1696,2020 Maruti New Wagon-R,"509,199","6,879 km",Petrol,Manual
1697,2014 Nissan Terrano,"447,599","53,750 km",Diesel,Manual
1698,2018 Hyundai Creta,"1,154,099","71,967 km",Diesel,Manual
1699,-,-,-,-,-
1700,-,-,-,-,-
1701,-,-,-,-,-
1702,-,-,-,-,-
1703,2016 Maruti Ertiga,"768,899","45,759 km",Diesel,Manual
1704,2017 Maruti Baleno,"527,699","41,383 km",Petrol,Manual
1705,2014 Nissan Terrano,"447,599","53,750 km",Diesel,Manual
1706,-,-,-,-,-
1707,-,-,-,-,-
1708,-,-,-,-,-
1709,-,-,-,-,-
1710,2017 Maruti Baleno,"597,199","30,016 km",Petrol,Manual
1711,-,-,-,-,-
1712,-,-,-,-,-
1713,-,-,-,-,-
1714,2019 Maruti S PRESSO,"403,499","18,436 km",Petrol,Manual
1715,2015 Hyundai Grand i10,"460,999","40,792 km",Petrol,Manual
1716,-,-,-,-,-
1717,-,-,-,-,-
1718,2016 Maruti Vitara Brezza,"666,199","73,701 km",Diesel,Manual
1719,2014 Nissan Terrano,"447,599","53,750 km",Diesel,Manual
1720,-,-,-,-,-
1721,-,-,-,-,-
1722,-,-,-,-,-
1723,-,-,-,-,-
1724,2015 Maruti Swift,"547,399","63,035 km",Diesel,Manual
1725,-,-,-,-,-
1726,2015 Maruti Swift,"414,899","119,927 km",Petrol,Manual
1727,2014 Nissan Terrano,"447,599","53,750 km",Diesel,Manual
1728,-,-,-,-,-
1729,2014 Nissan Terrano,"447,599","53,750 km",Diesel,Manual
1730,-,-,-,-,-
1731,-,-,-,-,-
1732,2016 Maruti Wagon R 1.0,"351,899","81,832 km",Petrol,Manual
1733,-,-,-,-,-
1734,-,-,-,-,-
1735,-,-,-,-,-
1736,2020 Maruti New Wagon-R,"509,199","6,879 km",Petrol,Manual
1737,2014 Nissan Terrano,"447,599","53,750 km",Diesel,Manual
1738,2018 Hyundai Creta,"1,154,099","71,967 km",Diesel,Manual
1739,-,-,-,-,-
1740,-,-,-,-,-
1741,-,-,-,-,-
1742,-,-,-,-,-
1743,2016 Maruti Ertiga,"774,199","99,644 km",Diesel,Manual
1744,2017 Maruti Baleno,"615,799","44,532 km",Petrol,Manual
1745,2014 Nissan Terrano,"447,599","53,750 km",Diesel,Manual
1746,-,-,-,-,-
1747,-,-,-,-,-
1748,-,-,-,-,-
1749,-,-,-,-,-
1750,2020 Maruti Baleno,"631,999","7,237 km",Petrol,Manual
1751,-,-,-,-,-
1752,-,-,-,-,-
1753,-,-,-,-,-
1754,2020 Maruti S PRESSO,"428,299","25,867 km",Petrol,Manual
1755,2015 Hyundai Grand i10,"460,999","40,792 km",Petrol,Manual
1756,-,-,-,-,-
1757,-,-,-,-,-
1758,2016 Maruti Vitara Brezza,"666,199","73,701 km",Diesel,Manual
1759,2014 Nissan Terrano,"447,599","53,750 km",Diesel,Manual
1760,-,-,-,-,-
1761,-,-,-,-,-
1762,-,-,-,-,-
1763,-,-,-,-,-
1764,2015 Maruti Swift Dzire,"578,399","38,769 km",Diesel,Manual
1765,-,-,-,-,-
1766,2015 Maruti Swift,"403,699","64,108 km",Petrol,Manual
1767,2014 Nissan Terrano,"447,599","53,750 km",Diesel,Manual
1768,-,-,-,-,-
1769,2014 Nissan Terrano,"447,599","53,750 km",Diesel,Manual
1770,-,-,-,-,-
1771,-,-,-,-,-
1772,2016 Maruti Wagon R 1.0,"351,899","81,832 km",Petrol,Manual
1773,-,-,-,-,-
1774,-,-,-,-,-
1775,-,-,-,-,-
1776,2020 Maruti New Wagon-R,"509,199","6,879 km",Petrol,Manual
1777,2014 Nissan Terrano,"447,599","53,750 km",Diesel,Manual
1778,2019 Hyundai Creta,"1,273,499","10,563 km",Petrol,
1779,-,-,-,-,-
1780,-,-,-,-,-
1781,-,-,-,-,-
1782,-,-,-,-,-
1783,2016 Maruti Ertiga,"774,199","99,644 km",Diesel,Manual
1784,2016 Maruti Baleno,"531,999","39,672 km",Petrol,Manual
1785,2014 Nissan Terrano,"447,599","53,750 km",Diesel,Manual
1786,-,-,-,-,-
1787,-,-,-,-,-
1788,-,-,-,-,-
1789,-,-,-,-,-
1790,2018 Maruti Baleno,"592,299","22,287 km",Petrol,Manual
1791,-,-,-,-,-
1792,-,-,-,-,-
1793,-,-,-,-,-
1794,2019 Maruti S PRESSO,"403,499","18,436 km",Petrol,Manual
1795,2014 Hyundai Grand i10,"401,099","73,621 km",Petrol,Manual
1796,-,-,-,-,-
1797,-,-,-,-,-
1798,2016 Maruti Vitara Brezza,"666,199","73,701 km",Diesel,Manual
1799,2014 Nissan Terrano,"447,599","53,750 km",Diesel,Manual
1800,-,-,-,-,-
1801,-,-,-,-,-
1802,-,-,-,-,-
1803,-,-,-,-,-
1804,2015 Maruti Swift,"547,399","63,035 km",Diesel,Manual
1805,-,-,-,-,-
1806,2013 Maruti Swift,"354,799","76,608 km",Diesel,Manual
1807,2014 Nissan Terrano,"447,599","53,750 km",Diesel,Manual
1808,-,-,-,-,-
1809,2014 Nissan Terrano,"447,599","53,750 km",Diesel,Manual
1810,-,-,-,-,-
1811,-,-,-,-,-
1812,2016 Maruti Wagon R 1.0,"351,899","81,832 km",Petrol,Manual
1813,-,-,-,-,-
1814,-,-,-,-,-
1815,-,-,-,-,-
1816,2019 Maruti New Wagon-R,"577,499","18,297 km",Petrol + CNG,
1817,2014 Nissan Terrano,"447,599","53,750 km",Diesel,Manual
1818,2018 Hyundai Creta,"1,094,699","80,569 km",Diesel,Manual
1819,-,-,-,-,-
1820,-,-,-,-,-
1821,-,-,-,-,-
1822,-,-,-,-,-
1823,2016 Maruti Ertiga,"774,199","99,644 km",Diesel,Manual
1824,2016 Maruti Baleno,"535,499","52,131 km",Petrol,Manual
1825,2014 Nissan Terrano,"447,599","53,750 km",Diesel,Manual
1826,-,-,-,-,-
1827,-,-,-,-,-
1828,-,-,-,-,-
1829,-,-,-,-,-
1830,2018 Maruti Baleno,"592,299","22,287 km",Petrol,Manual
1831,-,-,-,-,-
1832,-,-,-,-,-
1833,-,-,-,-,-
1834,2020 Maruti S PRESSO,"428,299","25,867 km",Petrol,Manual
1835,2015 Hyundai Grand i10,"460,999","40,792 km",Petrol,Manual
1836,-,-,-,-,-
1837,-,-,-,-,-
1838,2016 Maruti Vitara Brezza,"666,199","73,701 km",Diesel,Manual
1839,2014 Nissan Terrano,"447,599","53,750 km",Diesel,Manual
1840,-,-,-,-,-
1841,-,-,-,-,-
1842,-,-,-,-,-
1843,-,-,-,-,-
1844,2015 Maruti Swift,"547,399","63,035 km",Diesel,Manual
1845,-,-,-,-,-
1846,2017 Maruti Swift,"444,899","14,844 km",Petrol,Manual
1847,2014 Nissan Terrano,"447,599","53,750 km",Diesel,Manual
1848,-,-,-,-,-
1849,2014 Nissan Terrano,"447,599","53,750 km",Diesel,Manual
1850,-,-,-,-,-
1851,-,-,-,-,-
1852,2016 Maruti Wagon R 1.0,"351,899","81,832 km",Petrol,Manual
1853,-,-,-,-,-
1854,-,-,-,-,-
1855,-,-,-,-,-
1856,2019 Maruti New Wagon-R,"577,499","18,297 km",Petrol + CNG,
1857,2014 Nissan Terrano,"447,599","53,750 km",Diesel,Manual
1858,2019 Hyundai Creta,"1,273,499","10,563 km",Petrol,
1859,-,-,-,-,-
1860,-,-,-,-,-
1861,-,-,-,-,-
1862,-,-,-,-,-
1863,2017 Maruti Ertiga,"718,499","32,938 km",Petrol,Manual
1864,2019 Maruti Baleno,"619,299","13,973 km",Petrol,Manual
1865,2014 Nissan Terrano,"447,599","53,750 km",Diesel,Manual
1866,-,-,-,-,-
1867,-,-,-,-,-
1868,-,-,-,-,-
1869,-,-,-,-,-
1870,2019 Maruti Baleno,"607,099","23,449 km",Petrol,Manual
1871,-,-,-,-,-
1872,-,-,-,-,-
1873,-,-,-,-,-
1874,2020 Maruti S PRESSO,"428,299","25,867 km",Petrol,Manual
1875,2015 Hyundai Grand i10,"460,999","40,792 km",Petrol,Manual
1876,-,-,-,-,-
1877,-,-,-,-,-
1878,2016 Maruti Vitara Brezza,"666,199","73,701 km",Diesel,Manual
1879,2014 Nissan Terrano,"447,599","53,750 km",Diesel,Manual
1880,-,-,-,-,-
1881,-,-,-,-,-
1882,-,-,-,-,-
1883,-,-,-,-,-
1884,2015 Maruti Swift,"547,399","63,035 km",Diesel,Manual
1885,-,-,-,-,-
1886,2015 Maruti Swift,"414,899","119,927 km",Petrol,Manual
1887,2014 Nissan Terrano,"447,599","53,750 km",Diesel,Manual
1888,-,-,-,-,-
1889,2014 Nissan Terrano,"447,599","53,750 km",Diesel,Manual
1890,-,-,-,-,-
1891,-,-,-,-,-
1892,2017 Maruti Wagon R 1.0,"398,299","75,524 km",Petrol,Manual
1893,-,-,-,-,-
1894,-,-,-,-,-
1895,-,-,-,-,-
1896,2019 Maruti New Wagon-R,"577,499","18,297 km",Petrol + CNG,
1897,2014 Nissan Terrano,"447,599","53,750 km",Diesel,Manual
1898,2018 Hyundai Creta,"1,094,699","80,569 km",Diesel,Manual
1899,-,-,-,-,-
1900,-,-,-,-,-
1901,-,-,-,-,-
1902,-,-,-,-,-
1903,2017 Maruti Ertiga,"865,299","15,427 km",Diesel,Manual
1904,2019 Maruti Baleno,"619,299","13,973 km",Petrol,Manual
1905,2014 Nissan Terrano,"447,599","53,750 km",Diesel,Manual
1906,-,-,-,-,-
1907,-,-,-,-,-
1908,-,-,-,-,-
1909,-,-,-,-,-
1910,2018 Maruti Baleno,"592,299","22,287 km",Petrol,Manual
1911,-,-,-,-,-
1912,-,-,-,-,-
1913,-,-,-,-,-
1914,2020 Maruti S PRESSO,"428,299","25,867 km",Petrol,Manual
1915,2015 Hyundai Grand i10,"460,999","40,792 km",Petrol,Manual
1916,-,-,-,-,-
1917,-,-,-,-,-
1918,2016 Maruti Vitara Brezza,"666,199","73,701 km",Diesel,Manual
1919,2014 Nissan Terrano,"447,599","53,750 km",Diesel,Manual
1920,-,-,-,-,-
1921,-,-,-,-,-
1922,-,-,-,-,-
1923,-,-,-,-,-
1924,2015 Maruti Swift,"547,399","63,035 km",Diesel,Manual
1925,-,-,-,-,-
1926,2012 Maruti Swift,"446,999","70,572 km",Petrol,Manual
1927,2014 Nissan Terrano,"447,599","53,750 km",Diesel,Manual
1928,-,-,-,-,-
1929,2014 Nissan Terrano,"447,599","53,750 km",Diesel,Manual
1930,-,-,-,-,-
1931,-,-,-,-,-
1932,2016 Maruti Wagon R 1.0,"351,899","81,832 km",Petrol,Manual
1933,-,-,-,-,-
1934,-,-,-,-,-
1935,-,-,-,-,-
1936,2019 Maruti New Wagon-R,"577,499","18,297 km",Petrol + CNG,
1937,2014 Nissan Terrano,"447,599","53,750 km",Diesel,Manual
1938,2020 Hyundai Creta,"1,556,699","8,382 km",Petrol,Manual
1939,-,-,-,-,-
1940,-,-,-,-,-
1941,-,-,-,-,-
1942,-,-,-,-,-
1943,2017 Maruti Ertiga,"865,299","15,427 km",Diesel,Manual
1944,2017 Maruti Baleno,"556,999","44,103 km",Petrol,Manual
1945,2014 Nissan Terrano,"447,599","53,750 km",Diesel,Manual
1946,-,-,-,-,-
1947,-,-,-,-,-
1948,-,-,-,-,-
1949,-,-,-,-,-
1950,2020 Maruti Baleno,"631,999","7,237 km",Petrol,Manual
1951,-,-,-,-,-
1952,-,-,-,-,-
1953,-,-,-,-,-
1954,2020 Maruti S PRESSO,"428,299","25,867 km",Petrol,Manual
1955,2015 Hyundai Grand i10,"460,999","40,792 km",Petrol,Manual
1956,-,-,-,-,-
1957,-,-,-,-,-
1958,2016 Maruti Vitara Brezza,"666,199","73,701 km",Diesel,Manual
1959,2014 Nissan Terrano,"447,599","53,750 km",Diesel,Manual
1960,-,-,-,-,-
1961,-,-,-,-,-
1962,-,-,-,-,-
1963,-,-,-,-,-
1964,2015 Maruti Swift,"476,599","60,507 km",Diesel,Manual
1965,-,-,-,-,-
1966,2014 Maruti Swift,"371,399","45,932 km",Petrol,Manual
1967,2014 Nissan Terrano,"447,599","53,750 km",Diesel,Manual
1968,-,-,-,-,-
1969,2014 Nissan Terrano,"447,599","53,750 km",Diesel,Manual
1970,-,-,-,-,-
1971,-,-,-,-,-
1972,2017 Maruti Wagon R 1.0,"398,299","75,524 km",Petrol,Manual
1973,-,-,-,-,-
1974,-,-,-,-,-
1975,-,-,-,-,-
1976,2020 Maruti New Wagon-R,"509,199","6,879 km",Petrol,Manual
1977,2014 Nissan Terrano,"447,599","53,750 km",Diesel,Manual
1978,2018 Hyundai Creta,"1,094,699","80,569 km",Diesel,Manual
1979,-,-,-,-,-
1980,-,-,-,-,-
1981,-,-,-,-,-
1982,-,-,-,-,-
1983,2016 Maruti Ertiga,"722,699","84,394 km",Diesel,Manual
1984,2017 Maruti Baleno,"556,999","44,103 km",Petrol,Manual
1985,2014 Nissan Terrano,"447,599","53,750 km",Diesel,Manual
1986,-,-,-,-,-
1987,-,-,-,-,-
1988,-,-,-,-,-
1989,-,-,-,-,-
1990,2019 Maruti Baleno,"607,099","23,449 km",Petrol,Manual
1991,-,-,-,-,-
1992,-,-,-,-,-
1993,-,-,-,-,-
1994,2019 Maruti S PRESSO,"403,499","18,436 km",Petrol,Manual
1995,2016 Hyundai Grand i10,"467,699","31,884 km",Petrol,Manual
1996,-,-,-,-,-
1997,-,-,-,-,-
1998,2016 Maruti Vitara Brezza,"666,199","73,701 km",Diesel,Manual
1999,2014 Nissan Terrano,"447,599","53,750 km",Diesel,Manual
2000,-,-,-,-,-
2001,-,-,-,-,-
2002,-,-,-,-,-
2003,-,-,-,-,-
2004,2015 Maruti Swift,"462,899","63,600 km",Diesel,Manual
2005,-,-,-,-,-
2006,2014 Maruti Swift,"469,299","72,850 km",Diesel,Manual
2007,2014 Nissan Terrano,"447,599","53,750 km",Diesel,Manual
2008,-,-,-,-,-
2009,2014 Nissan Terrano,"447,599","53,750 km",Diesel,Manual
2010,-,-,-,-,-
2011,-,-,-,-,-
2012,2018 Maruti Wagon R 1.0,"423,699","53,274 km",Petrol,Manual
2013,-,-,-,-,-
2014,-,-,-,-,-
2015,-,-,-,-,-
2016,2019 Maruti New Wagon-R,"577,499","18,297 km",Petrol + CNG,
2017,2014 Nissan Terrano,"447,599","53,750 km",Diesel,Manual
2018,2019 Hyundai Creta,"1,273,499","10,563 km",Petrol,
2019,-,-,-,-,-
2020,-,-,-,-,-
2021,-,-,-,-,-
2022,-,-,-,-,-
2023,2017 Maruti Ertiga,"718,499","32,938 km",Petrol,Manual
2024,2017 Maruti Baleno,"556,999","44,103 km",Petrol,Manual
2025,2014 Nissan Terrano,"447,599","53,750 km",Diesel,Manual
2026,-,-,-,-,-
2027,-,-,-,-,-
2028,-,-,-,-,-
2029,-,-,-,-,-
2030,2020 Maruti Baleno,"631,999","7,237 km",Petrol,Manual
2031,-,-,-,-,-
2032,-,-,-,-,-
2033,-,-,-,-,-
2034,2019 Maruti S PRESSO,"403,499","18,436 km",Petrol,Manual
2035,2016 Hyundai Grand i10,"467,699","31,884 km",Petrol,Manual
2036,-,-,-,-,-
2037,-,-,-,-,-
2038,2016 Maruti Vitara Brezza,"666,199","73,701 km",Diesel,Manual
2039,2014 Nissan Terrano,"447,599","53,750 km",Diesel,Manual
2040,-,-,-,-,-
2041,-,-,-,-,-
2042,-,-,-,-,-
2043,-,-,-,-,-
2044,2015 Maruti Swift Dzire,"578,399","38,769 km",Diesel,Manual
2045,-,-,-,-,-
2046,2014 Maruti Swift,"371,399","45,932 km",Petrol,Manual
2047,2014 Nissan Terrano,"447,599","53,750 km",Diesel,Manual
2048,-,-,-,-,-
2049,2014 Nissan Terrano,"447,599","53,750 km",Diesel,Manual
2050,-,-,-,-,-
2051,-,-,-,-,-
2052,2018 Maruti Wagon R 1.0,"423,699","53,274 km",Petrol,Manual
2053,-,-,-,-,-
2054,-,-,-,-,-
2055,-,-,-,-,-
2056,2020 Maruti New Wagon-R,"509,199","6,879 km",Petrol,Manual
2057,2014 Nissan Terrano,"447,599","53,750 km",Diesel,Manual
2058,2020 Hyundai Creta,"1,273,599","26,284 km",Diesel,Manual
2059,-,-,-,-,-
2060,-,-,-,-,-
2061,-,-,-,-,-
2062,-,-,-,-,-
2063,2016 Maruti Ertiga,"774,199","99,644 km",Diesel,Manual
2064,2017 Maruti Baleno,"556,999","44,103 km",Petrol,Manual
2065,2014 Nissan Terrano,"447,599","53,750 km",Diesel,Manual
2066,-,-,-,-,-
2067,-,-,-,-,-
2068,-,-,-,-,-
2069,-,-,-,-,-
2070,2016 Maruti Baleno,"591,699","79,991 km",Petrol,Manual
2071,-,-,-,-,-
2072,-,-,-,-,-
2073,-,-,-,-,-
2074,2020 Maruti S PRESSO,"428,299","25,867 km",Petrol,Manual
2075,2015 Hyundai Grand i10,"460,999","40,792 km",Petrol,Manual
2076,-,-,-,-,-
2077,-,-,-,-,-
2078,2016 Maruti Vitara Brezza,"666,199","73,701 km",Diesel,Manual
2079,2014 Nissan Terrano,"447,599","53,750 km",Diesel,Manual
2080,-,-,-,-,-
2081,-,-,-,-,-
2082,-,-,-,-,-
2083,-,-,-,-,-
2084,2015 Maruti Swift Dzire,"578,399","38,769 km",Diesel,Manual
2085,-,-,-,-,-
2086,2014 Maruti Swift,"371,399","45,932 km",Petrol,Manual
2087,2014 Nissan Terrano,"447,599","53,750 km",Diesel,Manual
2088,-,-,-,-,-
2089,2014 Nissan Terrano,"447,599","53,750 km",Diesel,Manual
2090,-,-,-,-,-
2091,-,-,-,-,-
2092,2015 Maruti Wagon R 1.0,"377,799","62,630 km",Petrol,Manual
2093,-,-,-,-,-
2094,-,-,-,-,-
2095,-,-,-,-,-
2096,2019 Maruti New Wagon-R,"577,499","18,297 km",Petrol + CNG,
2097,2014 Nissan Terrano,"447,599","53,750 km",Diesel,Manual
2098,2019 Hyundai Creta,"1,273,499","10,563 km",Petrol,
2099,-,-,-,-,-
2100,-,-,-,-,-
2101,-,-,-,-,-
2102,-,-,-,-,-
2103,2016 Maruti Ertiga,"774,199","99,644 km",Diesel,Manual
2104,2016 Maruti Baleno,"591,699","79,991 km",Petrol,Manual
2105,2014 Nissan Terrano,"447,599","53,750 km",Diesel,Manual
2106,-,-,-,-,-
2107,-,-,-,-,-
2108,-,-,-,-,-
2109,-,-,-,-,-
2110,2016 Maruti Baleno,"591,699","79,991 km",Petrol,Manual
2111,-,-,-,-,-
2112,-,-,-,-,-
2113,-,-,-,-,-
2114,2020 Maruti S PRESSO,"428,299","25,867 km",Petrol,Manual
2115,2015 Hyundai Grand i10,"460,999","40,792 km",Petrol,Manual
2116,-,-,-,-,-
2117,-,-,-,-,-
2118,2016 Maruti Vitara Brezza,"666,199","73,701 km",Diesel,Manual
2119,2014 Nissan Terrano,"447,599","53,750 km",Diesel,Manual
2120,-,-,-,-,-
2121,-,-,-,-,-
2122,-,-,-,-,-
2123,-,-,-,-,-
2124,2016 Maruti Swift Dzire,"539,899","59,743 km",Diesel,
2125,-,-,-,-,-
2126,2012 Maruti Swift,"446,999","70,572 km",Petrol,Manual
2127,2014 Nissan Terrano,"447,599","53,750 km",Diesel,Manual
2128,-,-,-,-,-
2129,2014 Nissan Terrano,"447,599","53,750 km",Diesel,Manual
2130,-,-,-,-,-
2131,-,-,-,-,-
2132,2015 Maruti Wagon R 1.0,"377,799","62,630 km",Petrol,Manual
2133,-,-,-,-,-
2134,-,-,-,-,-
2135,-,-,-,-,-
2136,2020 Maruti New Wagon-R,"509,199","6,879 km",Petrol,Manual
2137,2014 Nissan Terrano,"447,599","53,750 km",Diesel,Manual
2138,2020 Hyundai Creta,"1,273,599","26,284 km",Diesel,Manual
2139,-,-,-,-,-
2140,-,-,-,-,-
2141,-,-,-,-,-
2142,-,-,-,-,-
2143,2017 Maruti Ertiga,"776,299","54,343 km",Diesel,Manual
2144,2017 Maruti Baleno,"561,299","53,917 km",Petrol,Manual
2145,2014 Nissan Terrano,"447,599","53,750 km",Diesel,Manual
2146,-,-,-,-,-
2147,-,-,-,-,-
2148,-,-,-,-,-
2149,-,-,-,-,-
2150,2018 Maruti Baleno,"592,299","22,287 km",Petrol,Manual
2151,-,-,-,-,-
2152,-,-,-,-,-
2153,-,-,-,-,-
2154,2020 Maruti S PRESSO,"428,299","25,867 km",Petrol,Manual
2155,2014 Hyundai Grand i10,"401,099","73,621 km",Petrol,Manual
2156,-,-,-,-,-
2157,-,-,-,-,-
2158,2016 Maruti Vitara Brezza,"666,199","73,701 km",Diesel,Manual
2159,2014 Nissan Terrano,"447,599","53,750 km",Diesel,Manual
2160,-,-,-,-,-
2161,-,-,-,-,-
2162,-,-,-,-,-
2163,-,-,-,-,-
2164,2014 Maruti Swift,"452,299","44,609 km",Diesel,Manual
2165,-,-,-,-,-
2166,2014 Maruti Swift,"371,399","45,932 km",Petrol,Manual
2167,2014 Nissan Terrano,"447,599","53,750 km",Diesel,Manual
2168,-,-,-,-,-
2169,2014 Nissan Terrano,"447,599","53,750 km",Diesel,Manual
2170,-,-,-,-,-
2171,-,-,-,-,-
2172,2018 Maruti Wagon R 1.0,"482,999","40,773 km",Petrol,Manual
2173,-,-,-,-,-
2174,-,-,-,-,-
2175,-,-,-,-,-
2176,2020 Maruti New Wagon-R,"498,799","6,879 km",Petrol,Manual
2177,2014 Nissan Terrano,"447,599","53,750 km",Diesel,Manual
2178,2020 Hyundai Creta,"1,273,599","26,284 km",Diesel,Manual
2179,-,-,-,-,-
2180,-,-,-,-,-
2181,-,-,-,-,-
2182,-,-,-,-,-
2183,2017 Maruti Ertiga,"865,299","15,427 km",Diesel,Manual
2184,2016 Maruti Baleno,"604,799","103,172 km",Petrol,Manual
2185,2014 Nissan Terrano,"447,599","53,750 km",Diesel,Manual
2186,-,-,-,-,-
2187,-,-,-,-,-
2188,-,-,-,-,-
2189,-,-,-,-,-
2190,2017 Maruti Baleno,"618,099","18,994 km",Petrol,Manual
2191,-,-,-,-,-
2192,-,-,-,-,-
2193,-,-,-,-,-
2194,2020 Maruti S PRESSO,"428,299","25,867 km",Petrol,Manual
2195,2017 Hyundai Grand i10,"477,599","21,631 km",Petrol,Manual
2196,-,-,-,-,-
2197,-,-,-,-,-
2198,2017 Maruti Vitara Brezza,"768,599","95,064 km",Diesel,Manual
2199,2014 Nissan Terrano,"447,599","53,750 km",Diesel,Manual
2200,-,-,-,-,-
2201,-,-,-,-,-
2202,-,-,-,-,-
2203,-,-,-,-,-
2204,2016 Maruti Swift,"487,699","79,244 km",Diesel,Manual
2205,-,-,-,-,-
2206,2014 Maruti Swift,"482,099","106,440 km",Petrol,Manual
2207,2014 Nissan Terrano,"447,599","53,750 km",Diesel,Manual
2208,-,-,-,-,-
2209,2014 Nissan Terrano,"447,599","53,750 km",Diesel,Manual
2210,-,-,-,-,-
2211,-,-,-,-,-
2212,2018 Maruti Wagon R 1.0,"482,999","40,773 km",Petrol,Manual
2213,-,-,-,-,-
2214,-,-,-,-,-
2215,-,-,-,-,-
2216,2020 Maruti New Wagon-R,"488,899","3,865 km",Petrol,Manual
2217,2014 Nissan Terrano,"447,599","53,750 km",Diesel,Manual
2218,2019 Hyundai Creta,"1,273,499","10,563 km",Petrol,
2219,-,-,-,-,-
2220,-,-,-,-,-
2221,-,-,-,-,-
2222,-,-,-,-,-
2223,2020 Maruti Ertiga,"935,599","10,408 km",Petrol,Manual
2224,2016 Maruti Baleno,"604,799","103,172 km",Petrol,Manual
2225,2014 Nissan Terrano,"447,599","53,750 km",Diesel,Manual
2226,-,-,-,-,-
2227,-,-,-,-,-
2228,-,-,-,-,-
2229,-,-,-,-,-
2230,2016 Maruti Baleno,"591,699","79,991 km",Petrol,Manual
2231,-,-,-,-,-
2232,-,-,-,-,-
2233,-,-,-,-,-
2234,2020 Maruti S PRESSO,"428,299","25,867 km",Petrol,Manual
2235,2015 Hyundai Grand i10,"460,999","40,792 km",Petrol,Manual
2236,-,-,-,-,-
2237,-,-,-,-,-
2238,2017 Maruti Vitara Brezza,"768,599","95,064 km",Diesel,Manual
2239,2014 Nissan Terrano,"447,599","53,750 km",Diesel,Manual
2240,-,-,-,-,-
2241,-,-,-,-,-
2242,-,-,-,-,-
2243,-,-,-,-,-
2244,2016 Maruti Swift,"487,699","79,244 km",Diesel,Manual
2245,-,-,-,-,-
2246,2015 Maruti Swift,"419,799","71,310 km",Petrol,Manual
2247,2014 Nissan Terrano,"447,599","53,750 km",Diesel,Manual
2248,-,-,-,-,-
2249,2014 Nissan Terrano,"447,599","53,750 km",Diesel,Manual
2250,-,-,-,-,-
2251,-,-,-,-,-
2252,2015 Maruti Wagon R 1.0,"331,899","71,410 km",Petrol,Manual
2253,-,-,-,-,-
2254,-,-,-,-,-
2255,-,-,-,-,-
2256,2020 Maruti New Wagon-R,"488,899","3,865 km",Petrol,Manual
2257,2014 Nissan Terrano,"447,599","53,750 km",Diesel,Manual
2258,2019 Hyundai Creta,"1,273,499","10,563 km",Petrol,
2259,-,-,-,-,-
2260,-,-,-,-,-
2261,-,-,-,-,-
2262,-,-,-,-,-
2263,2017 Maruti Ertiga,"865,299","15,427 km",Diesel,Manual
2264,2017 Maruti Baleno,"516,899","56,095 km",Petrol,Manual
2265,2014 Nissan Terrano,"447,599","53,750 km",Diesel,Manual
2266,-,-,-,-,-
2267,-,-,-,-,-
2268,-,-,-,-,-
2269,-,-,-,-,-
2270,2017 Maruti Baleno,"618,099","18,994 km",Petrol,Manual
2271,-,-,-,-,-
2272,-,-,-,-,-
2273,-,-,-,-,-
2274,2019 Maruti S PRESSO,"403,499","18,436 km",Petrol,Manual
2275,2015 Hyundai Grand i10,"460,999","40,792 km",Petrol,Manual
2276,-,-,-,-,-
2277,-,-,-,-,-
2278,2018 Maruti Vitara Brezza,"771,299","38,872 km",Diesel,Manual
2279,2014 Nissan Terrano,"447,599","53,750 km",Diesel,Manual
2280,-,-,-,-,-
2281,-,-,-,-,-
2282,-,-,-,-,-
2283,-,-,-,-,-
2284,2014 Maruti Swift,"452,299","44,609 km",Diesel,Manual
2285,-,-,-,-,-
2286,2015 Maruti Swift,"403,699","64,108 km",Petrol,Manual
2287,2014 Nissan Terrano,"447,599","53,750 km",Diesel,Manual
2288,-,-,-,-,-
2289,2014 Nissan Terrano,"447,599","53,750 km",Diesel,Manual
2290,-,-,-,-,-
2291,-,-,-,-,-
2292,2018 Maruti Wagon R 1.0,"482,999","40,773 km",Petrol,Manual
2293,-,-,-,-,-
2294,-,-,-,-,-
2295,-,-,-,-,-
2296,2019 Maruti New Wagon-R,"577,499","18,297 km",Petrol + CNG,
2297,2014 Nissan Terrano,"447,599","53,750 km",Diesel,Manual
2298,2020 Hyundai Creta,"1,273,599","26,284 km",Diesel,Manual
2299,-,-,-,-,-
2300,-,-,-,-,-
2301,-,-,-,-,-
2302,-,-,-,-,-
2303,2017 Maruti Ertiga,"776,299","54,343 km",Diesel,Manual
2304,2016 Maruti Baleno,"604,799","103,172 km",Petrol,Manual
2305,2014 Nissan Terrano,"447,599","53,750 km",Diesel,Manual
2306,-,-,-,-,-
2307,-,-,-,-,-
2308,-,-,-,-,-
2309,-,-,-,-,-
2310,2020 Maruti Baleno,"688,999","10,726 km",Petrol,Manual
2311,-,-,-,-,-
2312,-,-,-,-,-
2313,-,-,-,-,-
2314,2019 Maruti S PRESSO,"403,499","18,436 km",Petrol,Manual
2315,2017 Hyundai Grand i10,"477,599","21,631 km",Petrol,Manual
2316,-,-,-,-,-
2317,-,-,-,-,-
2318,2017 Maruti Vitara Brezza,"768,599","95,064 km",Diesel,Manual
2319,2014 Nissan Terrano,"447,599","53,750 km",Diesel,Manual
2320,-,-,-,-,-
2321,-,-,-,-,-
2322,-,-,-,-,-
2323,-,-,-,-,-
2324,2015 Maruti Swift,"472,099","122,156 km",Diesel,Manual
2325,-,-,-,-,-
2326,2017 Maruti Swift,"385,999","100,691 km",Petrol,Manual
2327,2014 Nissan Terrano,"447,599","53,750 km",Diesel,Manual
2328,-,-,-,-,-
2329,2014 Nissan Terrano,"447,599","53,750 km",Diesel,Manual
2330,-,-,-,-,-
2331,-,-,-,-,-
2332,2016 Maruti Wagon R 1.0,"364,799","39,789 km",Petrol,Manual
2333,-,-,-,-,-
2334,-,-,-,-,-
2335,-,-,-,-,-
2336,2020 Maruti New Wagon-R,"488,899","3,865 km",Petrol,Manual
2337,2014 Nissan Terrano,"447,599","53,750 km",Diesel,Manual
2338,2019 Hyundai Creta,"1,273,499","10,563 km",Petrol,
2339,-,-,-,-,-
2340,-,-,-,-,-
2341,-,-,-,-,-
2342,-,-,-,-,-
2343,2017 Maruti Ertiga,"708,899","36,002 km",Diesel,Manual
2344,2016 Maruti Baleno,"604,799","103,172 km",Petrol,Manual
2345,2014 Nissan Terrano,"447,599","53,750 km",Diesel,Manual
2346,-,-,-,-,-
2347,-,-,-,-,-
2348,-,-,-,-,-
2349,-,-,-,-,-
2350,2019 Maruti Baleno,"619,299","13,973 km",Petrol,Manual
2351,-,-,-,-,-
2352,-,-,-,-,-
2353,-,-,-,-,-
2354,2020 Maruti S PRESSO,"428,299","25,867 km",Petrol,Manual
2355,2017 Hyundai Grand i10,"477,599","21,631 km",Petrol,Manual
2356,-,-,-,-,-
2357,-,-,-,-,-
2358,2018 Maruti Vitara Brezza,"771,299","38,872 km",Diesel,Manual
2359,2014 Nissan Terrano,"447,599","53,750 km",Diesel,Manual
2360,-,-,-,-,-
2361,-,-,-,-,-
2362,-,-,-,-,-
2363,-,-,-,-,-
2364,2016 Maruti Swift,"487,699","79,244 km",Diesel,Manual
2365,-,-,-,-,-
2366,2015 Maruti Swift,"405,199","164,520 km",Diesel,Manual
2367,2014 Nissan Terrano,"447,599","53,750 km",Diesel,Manual
2368,-,-,-,-,-
2369,2014 Nissan Terrano,"447,599","53,750 km",Diesel,Manual
2370,-,-,-,-,-
2371,-,-,-,-,-
2372,2018 Maruti Wagon R 1.0,"405,999","22,625 km",Petrol,Manual
2373,-,-,-,-,-
2374,-,-,-,-,-
2375,-,-,-,-,-
2376,2020 Maruti New Wagon-R,"482,499","14,108 km",Petrol,Manual
2377,2014 Nissan Terrano,"447,599","53,750 km",Diesel,Manual
2378,2020 Hyundai Creta,"1,273,599","26,284 km",Diesel,Manual
2379,-,-,-,-,-
2380,-,-,-,-,-
2381,-,-,-,-,-
2382,-,-,-,-,-
2383,2020 Maruti Ertiga,"935,599","10,408 km",Petrol,Manual
2384,2016 Maruti Baleno,"604,799","103,172 km",Petrol,Manual
2385,2014 Nissan Terrano,"447,599","53,750 km",Diesel,Manual
2386,-,-,-,-,-
2387,-,-,-,-,-
2388,-,-,-,-,-
2389,-,-,-,-,-
2390,2017 Maruti Baleno,"618,099","18,994 km",Petrol,Manual
2391,-,-,-,-,-
2392,-,-,-,-,-
2393,-,-,-,-,-
2394,2020 Maruti S PRESSO,"428,299","25,867 km",Petrol,Manual
2395,2016 Hyundai Grand i10,"467,699","31,884 km",Petrol,Manual
2396,-,-,-,-,-
2397,-,-,-,-,-
2398,2017 Maruti Vitara Brezza,"768,599","95,064 km",Diesel,Manual
2399,2014 Nissan Terrano,"447,599","53,750 km",Diesel,Manual
2400,-,-,-,-,-
2401,-,-,-,-,-
2402,-,-,-,-,-
2403,-,-,-,-,-
2404,2016 Maruti Swift,"487,699","79,244 km",Diesel,Manual
2405,-,-,-,-,-
2406,2015 Maruti Swift,"405,199","164,520 km",Diesel,Manual
2407,2014 Nissan Terrano,"447,599","53,750 km",Diesel,Manual
2408,-,-,-,-,-
2409,2014 Nissan Terrano,"447,599","53,750 km",Diesel,Manual
2410,-,-,-,-,-
2411,-,-,-,-,-
2412,2018 Maruti Wagon R 1.0,"482,999","40,773 km",Petrol,Manual
2413,-,-,-,-,-
2414,-,-,-,-,-
2415,-,-,-,-,-
2416,2019 Maruti New Wagon-R,"577,499","18,297 km",Petrol + CNG,
2417,2014 Nissan Terrano,"447,599","53,750 km",Diesel,Manual
2418,2017 Hyundai Creta,"1,127,699","77,777 km",Diesel,Automatic
2419,-,-,-,-,-
2420,-,-,-,-,-
2421,-,-,-,-,-
2422,-,-,-,-,-
2423,2020 Maruti Ertiga,"935,599","10,408 km",Petrol,Manual
2424,2016 Maruti Baleno,"604,799","103,172 km",Petrol,Manual
2425,2014 Nissan Terrano,"447,599","53,750 km",Diesel,Manual
2426,-,-,-,-,-
2427,-,-,-,-,-
2428,-,-,-,-,-
2429,-,-,-,-,-
2430,2017 Maruti Baleno,"618,099","18,994 km",Petrol,Manual
2431,-,-,-,-,-
2432,-,-,-,-,-
2433,-,-,-,-,-
